,AK,AL,AR,AZ,CA,CO,CT,DC,DE,FL,GA,HI,IA,ID,IL,IN,KS,KY,LA,MA,MD,ME,MI,MN,MO,MS,MT,NC,ND,NE,NH,NJ,NM,NV,NY,OH,OK,OR,PA,RI,RoW,SC,SD,TN,TX,UT,VA,VT,WA,WI,WV,WY
AK,0.0,2618185.2687454224,32480248.641952515,9861662.486078262,68934899.03533459,8837565.767912865,406862.09779930115,2289575.1088752747,1864600.199142456,12591941.47642517,38722516.84893417,492580.19845199585,1124385.6731176376,4425338.923999786,34241760.431863785,4021700.388759613,3959044.4376068115,3842684.650417328,8978082.683142662,20074438.415958405,6380321.768028259,2143919.179995537,6013986.91352272,9549302.721738815,6025621.913978577,77610.30038452148,5360280.594198227,7687146.556274414,350891.5959596634,232901.3996734619,1836447.8933143616,9810786.262619972,3560457.997718811,11833354.173875809,325423068.8052244,12402079.796072006,6439879.655056,28670223.394729614,11924723.475513458,68209.09999847412,5560903113.444966,1906560.6397895813,11907.0,10739948.653064728,30990375.134166718,905909542.7860298,10453615.90766716,4064885.076739311,1867045562.8463607,8198453.608615875,1507658.732925415,1726710.2515411377
AL,9918150.795414925,0.0,1687198166.1794648,1331121421.0803404,8177202894.267026,948189779.3641863,243392136.72519493,68578737.75258446,350413016.43016815,16221478260.95064,28981110392.54588,51804914.65554428,708481158.9737902,124645871.73427963,3292824842.1166162,2629961108.341633,627761445.9157734,2614006070.6670837,3647684005.8150735,1249111009.9799137,1325651714.526536,135559407.31010628,3969219215.166153,1065637454.1956749,1869380612.7119045,7440842399.340477,134768672.2467003,3811109606.3473053,97276849.85052109,652441079.9163494,196059680.4081459,1817686972.5043437,149202017.95359802,297771963.82470703,1771709992.1239367,4445163503.393805,1602305441.3568478,456618947.68330765,3000895647.8532553,38505582.72311497,22133584854.928844,3160610517.016395,121657766.86840248,13033474072.1776,10971695374.665283,636777997.3008976,2046757645.31291,103303541.82451439,1044012577.493146,1522656605.3337507,346931360.1554947,35599409.00689125
AR,39391845.96563339,1467090540.047028,0.0,1202249383.83037,3662355401.153197,728140376.1182458,192059084.70110035,10331719.687278748,26627362.82828331,1828738210.9360957,2561705471.5526257,50255978.242767334,841366809.2374728,85343773.68400764,3183342698.5475287,2749413829.1064043,1031817019.3068869,1047636479.647603,3145914966.2993603,597032747.8106022,285094152.4507084,237436059.29644012,1667778917.7125108,517059856.7158506,4346550006.750067,2775813084.9632635,171469826.03613472,1040737914.7183867,131648963.41033268,541683052.9250135,125530200.96707535,852067925.4377313,255984593.56258774,114093783.42522049,1444841863.8259764,1906441774.670524,5848675342.543778,401334990.11810875,2067886140.5612864,15803799.831291199,6264987088.497465,685239491.9607935,108446797.67286682,5464639334.697836,11461961758.907995,1219419075.5678577,1025293104.606801,72128846.6113205,657598159.8674488,1163000432.9091635,234922279.35749054,96884466.43042564
AZ,143577383.27661705,1032006137.6010933,188132532.8941841,0.0,28773748306.572083,2008535923.096765,770635883.1678276,23841982.704885483,77038106.43405437,3176615751.336464,3072618558.789972,283433134.25030375,345207855.78606987,383360401.2422085,1636230611.1780622,1720776995.087719,569870278.4244424,453340739.5252304,501700291.1246034,935474256.087566,677326430.0222416,118307031.61746597,1424297861.027469,1554235404.2077923,921996510.8452315,1187052448.791802,342870242.8577843,982893033.0699034,85544889.28779411,684271228.5297791,243136274.92091942,1099675795.9636412,4972289803.640916,3625360223.8459606,2392027228.350325,1099990595.6430483,475842644.69693756,989810943.8461103,1395478219.7686443,140482598.68309784,22438310203.218025,811374999.696188,77473805.55171585,1382569161.24997,13822708642.17015,2603011177.838144,1531579163.4625282,60038520.74398041,2075374636.6160958,797153107.1005306,45486657.62293458,160810384.1926751
CA,989122849.6607914,9853174035.043344,2653561780.98382,37139048412.28582,0.0,13784256455.336758,5997968211.570751,736130347.84657,1054920742.9292278,38465193194.36145,16184856167.050379,9724508933.609243,4191943838.463813,4154731675.165884,22390565920.78359,11117869192.713074,6575946721.135468,8460295781.112959,4481847498.632055,10168068069.493927,8735724468.940899,1146865669.4705896,16754029364.642685,9638862965.833431,10329563520.308853,6905682076.553591,3434409731.407851,11844170159.228542,1494138456.8077202,2331258909.992921,2540362891.9664154,20512225359.96171,3136598879.6372356,31276142141.026905,24813185322.947975,32224013152.568672,6144499814.280881,23580379976.57371,21788349218.76222,728643875.3431425,181643108890.51334,5289801029.254108,712727726.4692793,13551609197.959002,69730496816.38536,17452254855.05356,11167889293.793306,525088057.6618767,32918878000.67843,8764912915.13557,1477316726.9181004,1056667521.3376155
CO,536929384.2474937,536310842.28426504,173190525.2027502,1868014489.3837197,10689603803.803526,0.0,290130770.8591857,21358293.562854767,163053799.02584457,2386579967.3758187,1016037734.2562187,89167529.09287596,1254785786.2162106,746841236.1696172,6041965362.473738,632875319.9339714,3485070634.787029,952386394.3291702,484715303.127306,2415152539.786963,615395722.3209858,134635311.16304207,1505337491.053129,1621433348.5097566,2046050357.4771512,258041806.10554427,1853420059.2007146,849651073.3095431,457277004.4047928,3104926566.7892513,264570431.22444153,1533021092.7826555,2472302161.218105,415653801.83514786,1888024578.8897526,1660480107.951354,1114151394.0770583,1441010080.3255854,1425787509.0054266,43893356.44609451,9725873918.815765,400880358.32000923,1021104504.9245892,1086097491.9264288,9009960527.252602,4925885179.490034,1120832987.6379354,38282873.2233963,1858484973.3274474,915081103.4522629,77042720.37148046,3838552301.218992
CT,43205111.23640251,413751432.4976425,319586133.55007935,709857120.9931479,4704677466.128254,481281817.84872913,0.0,335216527.9819107,580916916.1083565,3550975984.410944,1642457271.9770975,170728508.77423668,328784002.46220016,298755517.71767044,3551304831.3315167,1400644705.9480515,518490636.98612785,1705624245.4268808,277765973.75017834,19887188233.117447,987077902.6669121,1625510395.5217247,1859651591.32685,1035687353.9775743,796320205.6170168,289359869.8971977,91701810.58824062,2203005405.6262436,89009010.99564934,281137661.3708687,3123204217.3689404,8419216979.952022,62153232.51341915,229749217.52641296,37695740904.28837,2233368432.2897053,380545678.18911266,281443279.93302345,5015616393.399783,3784038457.3249993,14638134663.346209,864419017.8565807,109568330.5987072,5975558196.89771,3985728480.3504305,334769730.97899914,1135883920.251727,903355128.850913,640989427.3310337,930183421.1082973,119581434.0284996,28038661.756443024
DC,8171033.408691406,0.0,513655.203125,134731.80541992188,32995198.822654724,10985724.358398438,1175463.2971801758,0.0,2364827.4302368164,4453040.518173218,25079838.480766296,0.0,0.0,0.0,10581711.09388733,2566713.811542511,0.0,0.0,1842756.2810058594,4458577.010620117,459668247.7558174,961146.6607666016,988538.7062988281,1992178.9584960938,11485847.727584839,1786401.505569458,0.0,9004731.588043213,0.0,1592965.6206054688,224480.0,9041170.342391968,0.0,0.0,4280964.828098297,1440533.7584838867,2141676.061279297,1840026.9189453125,71736355.01870346,0.0,1547385282.4654994,247321.2081298828,0.0,0.0,11740638.018920898,544436.0,385799945.04125404,0.0,9403623.992622375,2789355.5,1695660.0993022919,0.0
DE,2648671.2163085938,121747158.71449566,181556565.42881966,695389955.6833334,1543471672.6956005,358713963.6208191,426757564.9094827,34004467.570100784,0.0,819662807.1210136,829461351.5366802,1420063.019411087,130286259.03383255,15006380.998462677,825989558.846097,421367781.8555579,29644380.7467165,384505528.8936758,202489930.23342896,1569549514.6279135,3970841009.6032777,100254389.85834885,369512415.41740847,122775276.66410637,470716479.20582485,25165177.030994415,69542303.24323559,415841163.68665934,43384645.058568,22341933.81321335,101176410.41331291,4353794415.255283,18406164.974858284,81161851.64904785,3299953638.629763,4438566060.092073,31963035.987193584,146579656.01974916,8751189815.153183,81426310.23641777,5298474985.437139,204910658.90776253,87661222.59004784,703851062.1035514,1271315918.8240905,247981665.68794632,1085973659.5912976,50440638.03303623,157102592.62077665,245307343.4659562,122930347.05560493,8088644.259311676
FL,270621280.857172,7108468565.316892,1880476606.3538065,2426407070.177207,11764391543.695599,1238299233.134448,1816045541.2233143,638194257.3315849,478341570.2389412,0.0,18505655981.21466,220270091.12008667,1217713631.1996346,331475472.9473028,6154516148.085041,3136570979.3544135,1416644928.3947268,2723406614.933439,2352713441.912279,2256799342.6148977,2540833851.6744347,307449295.440856,2784879761.1108484,2193377279.6482105,2648957166.3336325,1776774086.074915,227248339.70014572,8107720937.623468,400700337.6901798,642207427.3582172,368146054.68382835,4300139386.729479,394382417.5732355,1137182026.8980918,11976313774.451326,5496410798.84255,1232769074.1837816,1236752089.3534927,5425939717.181986,165184357.12837505,57826590613.67026,6233315398.9060135,150684057.11560345,4676149405.777309,12771935174.51404,1998593742.257741,5387267024.05959,118359915.73759651,3489019122.0840397,2026991279.502246,547856987.9753704,113280884.4763937
GA,162563613.28532982,19284574739.081406,2372626860.6911654,1973664023.9619331,13968677972.83277,1681923703.4542122,1362763083.2849026,347009973.23819256,499998601.6308842,57181694281.52515,0.0,129917524.13524246,1677199603.5585783,345871470.40375423,8782355413.094528,4809910084.085175,1953147263.1152973,4842073625.393656,4162231331.4780893,1834333666.800393,2455646184.877866,423495032.2254257,8785724435.228039,2685352071.59816,3116487939.745922,4494674645.730474,811432598.2687607,24185100862.054123,592822946.0991745,611124178.1338091,864290772.46309,3721582701.314709,385750278.5863018,668798765.4981499,5741744878.583951,7146227457.147263,1844919030.186802,1287390235.976389,6852605562.977129,399310105.6665797,38692471388.80824,20481662104.083405,1524680410.9974117,23679678657.654125,20575483410.177162,1099345710.121419,5350221465.58421,348238782.5054064,3190845072.527626,5160114684.97903,746203800.8000736,183184459.66205597
HI,1755605.358505249,1605334.5189170837,6797664.09677124,17512552.233880043,322770916.9256973,17429754.230075836,27377107.335056305,298127.397480011,1887106.591079712,116247247.09665966,14688998.971449852,0.0,953253.6976318359,1879840.805475235,32519449.08693981,6876578.042627335,2059965.800857544,8133988.460389137,2491028.9127693176,8231624.804261208,9342260.376613617,1135816.6842041016,12243470.521639824,3042410.0495262146,6047377.507331848,280661.1946411133,416740.48680877686,5671590.98550415,1017928.8339366913,1214825.4851608276,3530996.445701599,7131187.536643028,14861037.632659912,20380985.75074482,40974504.725426674,7605957.080188751,3444988.226633072,8121455.683822632,40558241.4221344,348155.6022338867,3149846583.319187,10902375.91342926,733867.3816452026,13775430.617378235,73022608.25424004,5789176.849216461,11942382.11773777,2005633.3827667236,31724756.864915848,6394501.868471146,1095560.884223938,405309.7986869812
IA,66743726.49555969,1031235764.006176,1110776070.758557,1727537190.53161,6564716119.162502,2392403166.259247,514030255.14044094,12003378.683002472,146833959.3935585,3242764944.178586,4959319144.631138,43028414.99774361,0.0,849957691.5861177,16760016844.766848,3522206597.9723225,4057845096.090508,2422708210.178992,1869955570.4498549,772638922.9667873,3544891847.634943,592475997.5270672,4459466126.918663,12498474640.811153,7519334076.504293,1130323464.4995892,508249800.05820847,2780549005.2238603,2064293423.9891071,7255108823.173889,186134560.19934845,2322881701.6296034,265097287.6125431,299476470.7257004,2370949013.426962,4380396481.1004715,1337243075.4976501,1034595559.9363918,4559109393.389608,76786930.66996384,13769949824.879124,867620682.0425758,3169325944.909913,1692546552.9795372,10581801061.470186,806177322.7423506,2609912642.55262,128162472.53190136,2201112687.6633883,6869305319.040861,203907282.55496788,330526283.7719784
ID,766856459.0238323,226900238.8317852,45189326.42737579,464743082.39779854,4201538623.642152,830025250.8600583,36992223.396160126,6651658.4574661255,24231465.2110672,532352747.38491917,482374577.544968,11830114.05995369,241186169.11522102,0.0,1185953573.106255,277540502.81152725,222670495.08010292,147961983.32679868,432879360.4190941,170784602.75120163,153657990.4833182,5750385.420213699,343715603.1327915,271399934.11673737,439294785.03545666,22507585.555351257,996158385.8644867,290894342.2685728,81578771.73131275,132164088.82633841,28984169.179546356,178690952.25611687,174263800.7897086,561163377.7671208,631664020.4515285,496304465.782671,173742142.87800407,1876918020.9226336,614637042.2533463,3605474.0601615906,4126958030.9250593,70640753.92836952,64602988.07844353,460199963.51885796,1784662106.1163378,2855577545.301924,174294473.79070663,8331467.794464111,3402547628.320775,1312398656.9672165,87023403.36906433,357875947.378747
IL,164065720.81333733,5016961067.466475,3300671381.8046236,3682342526.541374,24339748322.98754,4545006641.914111,2851287986.8033056,382133866.985404,673144804.7043209,13697034735.568195,10790725533.192429,433026418.24705696,16332747054.239458,748140362.2053242,0.0,55369018953.03595,5623764743.553556,12527567781.867096,15967150246.21566,3787356093.245071,5477297764.310776,521322101.6907692,34929718930.523796,14272568424.754475,21447171004.397446,3160717452.5300417,2329208464.779888,8259022913.79217,4106053813.6968474,4804707757.965771,1586731284.2311668,6664263071.038627,954816872.4850397,3003611564.68909,12066272485.99207,25784082169.00279,2889839889.938539,1955754921.3113303,12553675726.829256,410379194.7502537,67596108178.97964,3194592527.3552685,1476098822.7109175,9888788774.153898,28962027727.077946,2024092959.557869,9970398843.797295,495214158.9479523,5125882273.859491,48042509009.23053,745941521.8991508,744737494.5219145
IN,275651026.12418556,4276494227.4760437,1784105039.0480433,2260976322.752448,12240435831.315369,2100046154.4222794,1634507134.6601043,132947388.375206,1055921083.468113,11827595937.619953,12713908987.574663,233699801.57517052,5699117785.226304,363650248.44285107,32568479097.883682,0.0,1723449292.9155178,17347665661.291306,3356554154.1228075,2657869010.2990217,3890972780.2612925,372658380.9077873,34790657497.990654,4555357723.183821,6935615335.055012,2157987737.375987,426288995.2000828,8700429716.970055,1271203705.6363068,1598227616.741478,972527975.9969234,4248968709.4819107,430117704.0782385,729757359.9203558,9864643729.67852,36147817961.509346,1811431366.278314,1169846541.4914894,8483192533.616688,376823173.697773,40960398216.66211,3460719678.786461,423891038.43585014,8845763871.2309,21875901213.85198,908586033.5402346,3800204757.1460524,226707435.55210495,2544262431.3310637,8335836390.614783,1689109181.052,190123191.8898735
KS,384912959.1194782,576572940.9648628,1307936365.7746582,1131366105.0368128,6969596188.993153,3930945105.0053415,369358034.67573667,27996982.271686554,115637775.33538437,4282464573.7936797,3854182553.5494423,40367645.89993191,3276231032.1854906,408614231.9943485,8050274742.917628,1724341450.0669441,0.0,781708044.3601766,1402334966.2108526,1054166783.1055851,1122307120.0529032,170596862.9122591,2419201535.362694,1967001633.887113,14970552465.043844,685486332.8316045,348465460.88151026,1859713072.4497926,519961824.9578819,5002656700.035152,114082763.41598988,1704790289.8904366,389898919.4697685,410723793.0609498,2650346216.1975784,2525852667.9272776,6019914522.798418,591507048.9761825,2707374523.3208094,42376092.41300297,11611416798.17585,908893142.1554937,424810615.1253643,2211663317.899627,11849415246.519588,528935990.4091444,957013205.8690276,81355665.47402,7366248222.86447,2093983164.7763414,91059494.83557034,369075013.99816513
KY,72427633.9304161,3712414999.736143,1014580616.3347845,1314928885.3655138,8559762401.366727,1080238323.4468718,1120858102.6901407,145851575.20617294,333559834.1901617,8102173146.141857,5998140550.414475,87587645.0778284,1412486537.482852,138870637.08040237,9277316865.318869,13307204843.15787,1382061881.7810616,0.0,3033257028.823305,2169340850.9068437,1842148297.9003286,604663466.8356667,9667405377.470488,1953492551.303893,6458988318.294303,2674253288.3054495,234421339.43121243,5021963331.092398,1342316130.0932064,1408307184.925167,728683415.5143943,3416532411.0026736,277785879.2599888,790313730.60501,3938130359.6694837,15272200707.240095,876393657.068963,856780957.5934649,7154496161.38718,121041649.27286434,32417067974.505245,3418081273.038747,176566578.04077178,17449146577.42244,13665737913.354208,668396222.6364121,4347473122.287245,111289502.56236744,2234976148.2460604,3160463809.8845153,5048373147.913036,310521834.1541363
LA,50224526.300582886,3115758938.6076627,1836429833.3395247,636714590.5591164,4713868740.405127,428866425.2195568,1508787762.9263077,66678904.2711525,245848289.07886314,8672893658.368513,5759035087.569825,3692685.2126750946,1853249995.2090816,87758503.93188286,5602122233.308346,1137829741.6221566,721848404.5382338,1779072848.3656723,0.0,441162571.7966862,386387368.0169554,48982992.893880844,1838111859.3902974,1299940459.7280667,1499749969.1609683,12318713360.235445,80227346.0855875,1644813335.7131147,451957882.4312315,597833311.1557703,35289638.40594101,1671446940.8568187,363708381.17593575,232452616.5413494,1088345306.593361,4027898472.0197206,1247269648.2297354,463534791.32101583,2763457956.3021803,36119862.82795334,58263652455.86494,2211020227.6187544,40922974.11798477,4625927077.607811,35294990633.7217,335401507.4808656,2317534849.0780582,18376678.169834137,359978736.1044321,725023874.0109314,452637075.1115322,104789743.13021088
MA,127062271.80889511,1525410124.5189314,350323594.33506966,1850568149.078189,10725453320.981548,1659425842.6232643,14325006231.039108,350573863.71728516,407233960.9125347,6187683924.093239,2901712973.1984534,1351563113.2104495,756699508.4120159,123794436.11198807,3642690541.922295,3188260308.9279466,497851978.50260353,1358429770.3479662,950979373.984211,0.0,2338526826.7280426,6623903488.332511,2476499266.8157105,1473629296.197638,921002729.1238422,649636543.4316807,323688924.63303566,3835430822.7339587,103008491.93855286,361890187.34085274,19874380553.700783,5936091964.590617,200641015.77000427,673268814.0174618,28516657622.022675,4510279076.050729,571080401.0666761,706674043.228735,5880755298.773655,5104452787.52816,29316877952.319557,1302122796.2706432,162183143.7211094,3406660172.0658193,9413704545.375996,603379189.1298504,2802779275.061722,2934796554.828979,1838385887.3905993,1415713779.865027,659543641.9533663,887054826.3699703
MD,149511781.51883793,1011330488.3722076,161772742.70285225,657986537.9462757,6195679699.697037,473060353.17298603,1862193966.812008,4393552792.720841,2792358391.5482206,4047949839.7012053,1603151449.2048006,34682255.23633957,560098468.8485651,58896536.31587601,2770299510.6285086,1333775068.3675814,416202594.9687271,1320634111.8653612,303344167.7438526,2880414424.6868563,0.0,394471543.02288437,2171055674.0741262,485885187.6919117,774310755.7373619,888195184.4359522,70282327.72169685,2780920305.0478573,225749482.09309578,527431301.60480404,620120583.6433239,5705903415.099037,25363141.686327934,220644090.79256248,8099959746.838955,2607838237.219884,508700026.2722683,227911599.70015717,13650651802.153332,401269644.2202492,9807755721.633299,936480419.4369497,13630701.774856567,928323939.747201,4261515650.842513,454918583.7220173,17487091430.931976,241216012.44096184,804352470.4667301,859594907.1690435,1162896281.085536,17853672.861665726
ME,14433345.243526459,94749812.11835575,62719584.81813049,161846490.2702055,723309191.4647241,90780023.12945843,1068836263.3683405,14581376.885213852,13019546.966893196,421632401.8530531,295679629.96269226,22562655.838962555,40472551.6859436,8714076.257119179,405941116.46511173,337249977.68239594,45971303.48010063,131090073.48551655,26143673.91543579,4365378949.002081,148614921.10442972,0.0,438540995.4721165,135327798.72412014,92081390.58958054,58943973.58714104,9947642.027334213,409079487.51519966,19953753.315781593,38255058.621816635,2626926845.947785,1149507127.5151625,17789930.0730381,45322527.95914841,2184337490.5264,296713826.2760143,41011667.092972755,127938336.49632359,1398384996.49541,500743444.9075279,3034454105.990793,159865247.7787056,19071196.68782425,461041216.69979525,436354506.3067403,106321501.68047047,350055018.9262829,625265468.7552633,109623144.44404602,374111339.6122389,30330153.325548172,9246451.054712296
MI,202634536.50152302,3790182591.197402,2763089699.7414474,3392009634.470441,18198204836.9126,2015018809.6971326,1768740600.7828846,77934644.91099358,631887959.8495178,8381784032.2256,5366264340.17859,102879610.29062653,4627215756.573292,589748979.1740884,26606783858.246838,22156238072.186867,1656205137.617683,10349310540.642498,1634345988.4377632,3307800374.248719,4599027453.379581,562696735.1586761,0.0,6609913135.264938,7167446640.960186,2148845561.6748962,921735191.393981,5922568775.763148,1245103833.5693188,937451665.1407188,613935598.629591,5334795641.789798,1130969931.1606407,1197597091.1933231,9578726878.151905,31330005537.7171,2236882531.6326785,1350049448.674285,9622196939.099947,124371215.62602043,61689818833.543564,10801342341.628757,341523497.8597269,11530905269.950567,27547272080.279087,1528456954.644285,3245624333.3693843,229288494.70488358,2821297152.8968296,8371928724.920596,1240555305.6933575,221347168.8049965
MN,158353762.0150051,1368572087.871563,623580609.9389307,1769475713.6669242,11877332913.69038,2327613443.7416987,935974831.3698578,81906365.75578141,1263429562.4991379,6639426864.111546,2253882431.641843,92829952.70872116,9564158456.969051,609498123.5860901,14270309587.686594,4520893195.413867,1867595668.6537018,3314121593.468977,3036617024.2231627,3735326516.621114,1460441261.677773,262941984.87563038,5177888071.778881,0.0,3077971790.225741,883927147.7133939,671368815.3873496,2042509249.3598595,6715043743.746275,2508153604.125009,624637058.6615939,4526875986.168222,822758306.0971465,1008727659.3535137,4671929631.912081,4674935683.96028,953860121.6200829,1228207534.3563595,4197892103.1938896,381333579.89275646,21824840566.25934,1367716622.497404,4727485149.094917,8180669066.657491,9850315829.357048,1263728200.9967756,3164582100.1181736,176791259.5010414,5786741078.866711,21272907837.051147,315435865.09205055,200420728.5715046
MO,31388876.474700928,1331337197.3835146,6165861586.03561,2264864301.3331356,12152378056.959595,2989782987.095011,1091406685.9114597,51992854.12514496,250454163.98052883,4368886523.119856,4283494291.0063868,329905004.2190571,6174302459.691014,304853157.5761242,22024002284.853916,6349112172.142132,14285353096.880787,4298061241.238319,3074772398.46023,1086530641.809278,7313634333.71809,344893932.5205517,5268308723.611769,3135637422.5550804,0.0,1426963550.646106,550773714.0120955,3044840608.460705,1261898527.0190282,4398698471.550254,196569320.1638317,6966548256.407053,687414052.6808271,1216707791.0562038,5504625698.627954,4437862750.139876,4217033968.25286,1449416112.57411,9821174509.579123,83451086.82129574,14889574911.372976,1717519412.4557734,696679225.1520395,5645304770.714131,14688373335.214859,1149327223.7975597,3756739266.5952888,164733832.36412907,2172478477.2578835,4020780730.895433,488945689.4154062,222619465.1855507
MS,43844811.85013962,6875824694.083902,2957355402.207259,750025890.263596,8029730831.163803,1788839023.6833696,297203533.8882783,42455286.24015808,78998916.30145073,6435559654.674554,5267153188.068746,79413391.67803288,653127431.9111414,167846077.24990845,4371664026.266355,1324980623.4130392,523237135.67974186,1035275080.8697472,6767870151.809589,2460328858.814622,361522028.85831356,89614034.44207382,5859227163.7593565,806474336.8191547,3099964331.449102,0.0,54668000.63702297,2179941830.407713,173143114.46735764,362316280.2744484,185730009.19921303,1731159807.040013,252741992.9339466,382329357.2570553,1301924851.4496627,3566635226.47007,3189037513.689184,2333805368.1896715,3320621688.9243116,53451865.364479065,11378557728.531378,1224785878.7746086,87217392.05314064,8136151217.666237,8400711750.357512,2071611473.4093175,4798401997.318341,28981468.724243164,926911214.6948161,954924145.3593855,177542248.0527134,53470024.69879913
MT,26433080.565652847,24137751.697841644,25730240.940868378,94666776.49626684,847022908.261581,222457938.06099892,7140261.164505005,729558.7097091675,6608291.3825035095,105048289.29345608,54210117.569458246,7834539.194318771,49081034.40715599,415060889.58367014,244791909.58705854,118491876.59551191,119090894.47739434,19156571.110221863,18632958.12629509,31025103.110774517,66232255.21316147,7302458.212976456,105701983.40737772,430141524.2200825,77867478.40363121,13698211.031783104,0.0,104152723.47804093,452546433.32975864,139049268.51273155,2906204.6084251404,53921133.52515745,23075582.524528503,74922748.64809394,169947836.21036482,140775697.4891498,40551047.90104294,974303037.771255,162873629.3390429,2453678.56489563,1870825657.4949481,18872816.638711452,190859980.99563122,287988153.01265144,376130362.1785495,303231002.9578562,37991256.50913334,8379384.258682251,2662605818.6621323,208598531.65687442,49745515.840727806,808331373.732647
NC,135130975.06145668,3729703650.713784,2213370824.4641275,2585571692.366458,14393270615.31369,1741548147.1968412,1473487335.5300343,265643653.05845165,1388636598.4118452,16082503441.503138,19300006633.340897,125636309.88308716,1600728823.9846907,502405935.355525,10889856608.410667,10210956974.150936,1237022637.63933,4511120872.63323,1762425370.245472,3858509953.7573624,4443083151.737519,777876640.1730461,4693943314.464197,3007443717.632877,2815325276.398098,1756041337.8325894,730002035.0458355,0.0,667307662.209898,680865350.244175,594482632.5856647,5034629140.672844,379039087.7086253,1083769817.1108208,18732599593.473442,17315086017.00473,1517575649.900053,2001788434.397256,12021969584.968082,457615249.0517187,34580694169.55295,30207142733.72717,307453284.6651039,10260242008.811586,16317885556.297594,1041166243.6103773,23184178966.228836,309600216.9151523,3176093549.480315,3201933259.5791483,1450349374.8073854,389700339.0590725
ND,7883684.549528122,104619676.21611786,119899499.13758278,180202542.93242836,962148169.4687843,220289884.87976074,86446976.15961075,23132.799530029297,15020900.885757446,460015727.11382294,473697868.84597063,159468.99502944946,872912080.176033,219285687.11107635,1454494923.5181046,299394038.5621743,108559412.20866632,118305723.21007872,290316841.06272507,170346709.93645477,160390035.99323654,21939517.40473938,392374770.0493698,7289498732.735037,278277404.60606384,61583928.822128296,585817519.7376318,258904662.67890358,0.0,391646348.2736759,2868675.685405731,363200981.1909418,61994314.91069603,22581787.6864357,539324362.4466772,490892899.9434767,114786817.8043518,915895469.455822,387801258.66561556,1879007.9673843384,5897700596.909243,37972549.991378784,1562382102.0269842,147786589.29334164,1266664412.9910307,120532327.53634071,169998152.5261221,70479667.0256958,2947625933.589906,941370418.7053375,5504274.529750824,38498441.991292
NE,24148106.010967255,254069680.64042473,987418296.8771238,830695344.6416665,5495484532.405433,1893981385.1099954,252690042.80148983,22648181.365768433,37600553.77389145,1742580779.446757,1047871526.4856005,60276406.67414665,7384371230.898257,404683210.3000326,4276578527.4326825,1406145723.7853436,4588061627.313697,406480663.83314323,1082524038.7925625,494761750.037241,616865730.154252,228448020.1980343,1477175022.710515,1894798296.3467577,2781392394.873638,278713003.6170845,566865529.4673395,1141733208.6049945,1170339279.9853258,0.0,17595042.694699287,858441924.1065708,193836617.2203951,417159187.97278976,899612774.4594007,1365134656.2101603,736559228.7572894,895486897.7590759,1103528644.2897322,79140430.09862518,7465749571.804409,288587892.58417654,2240452952.252022,1049314962.9336557,6023585414.128262,669107451.7249861,396018821.0676079,53302254.400657654,1135543971.767251,1948285162.471417,55728614.12853336,439475373.0157566
NH,163596802.63752842,181238397.00513363,161754396.33102036,447832319.1612129,2430673282.564991,216626554.1510315,1418115428.9752107,124400025.90754604,321959778.2377796,968769042.9345949,906885916.630435,28458122.19692135,261489826.7679777,93376010.13758469,1309482299.1341403,708384105.2811317,134730020.85061884,598823935.6683416,132009596.58609867,7655535161.117171,1107065596.9846601,2239303733.657571,728894107.4097805,462611298.614696,279874637.1870887,127252441.27236462,52313220.260635376,691026627.1742525,34759942.4072361,88318827.99490547,0.0,1853911022.1457298,67158285.87095451,83751117.51253605,3400413778.6585593,1058909136.6309848,91353817.36353493,183372452.02519035,1104292479.3417618,898454853.686986,5372159325.557152,281686542.46140385,15187980.46177864,440137996.85660005,2535576784.6249514,173822695.283041,418289180.29419994,1231991465.4080353,280630971.76931,369153105.19197273,44750181.20918846,38361925.14319801
NJ,227476578.78708267,1581881433.1394472,1599737760.2734447,2232129974.550803,15648949698.36568,1409350749.555056,9027868687.398148,726369547.0137596,3894809256.930083,13091667114.533825,6167797459.59584,482743192.4760444,1084447644.8528624,401213940.70046425,8958332031.882294,5409719492.104658,1169659966.1778736,3498891506.007209,1918406737.522129,11338493421.603312,15124209065.323818,1229073469.9521475,4620463616.727777,1885649706.3838246,2562304469.090828,4531671816.768196,763981049.497633,9431641623.818272,431256124.3132725,630249722.6509838,1992968914.0791504,0.0,252720033.07079816,1031634431.341672,78019106120.25935,14350989199.104822,1143054342.6792195,1906797430.38562,47515489508.37826,1203348397.575634,36144501240.51635,3982100260.3046813,222229933.96853065,5525394906.003172,13406671804.251303,1318983692.9023933,8360987064.416125,1650708736.17585,2187823255.523817,2255861344.1559362,1047920325.1878252,235089154.51779366
NM,34589717.1582489,115667041.84595251,10503452.346054077,716806773.5219383,2262968243.3455586,1211527623.0022116,103379605.36928844,3534096.4665374756,1700975.13808918,404852313.6269407,113170343.74790955,8917487.21979618,11667852.333266258,75757370.53960228,335339134.8019104,81869581.26443863,160452350.48931503,147739443.82434464,31345360.457530975,97588281.92622185,44768607.0814476,9570187.278234482,139150751.49699736,129581642.09723473,472765906.6043811,50719543.230591774,21967113.46099472,48159286.93313217,14300313.075754166,46720308.76535416,15969898.951530457,63547936.99342346,0.0,41050956.13737488,149682185.03186464,202644937.40938377,41039276.499736786,696689466.5942612,202488376.85262966,3515940.5301570892,3708768146.2983227,37432352.73777962,12850423.677703857,670958123.9693832,4754613722.509102,170949329.71562862,58538055.70521927,11734811.561653137,61228317.02536774,332741515.11195946,13849461.557861328,92378186.05350494
NV,307352110.652061,122387639.54170036,86837160.7770052,1767337415.2384691,16557306696.967394,1003766066.7227592,89496594.67887688,17629299.89099884,73415629.73926544,1127129080.9509509,595719006.3266311,115990986.34604836,218559931.15915585,400153383.0878887,485685708.976166,171789142.36667728,286797367.4793267,300154041.4161625,113773003.29596424,298310251.4581175,282385802.0554404,46313022.00738907,613389884.4726987,233858528.61584187,205879956.80932045,189477445.69356823,430486517.1448214,293659588.8455162,81703926.39382744,89649371.17634201,123706642.58085155,260336672.7402376,182738746.78179455,0.0,598071482.1317047,514115322.7279872,350507408.5591588,1191536151.7509654,746658982.766799,4732070.525808334,12749320186.081669,144366029.45116997,45489399.03011322,405237027.9250188,3098595973.7085266,2167842834.0218883,268784262.645453,23983824.37821579,1990771345.214926,433352448.57968664,49450395.38513374,137077771.05116558
NY,449493995.93951607,3141587936.0172405,1627905728.8657854,2832184747.901641,23306827424.297043,2415207617.6135406,11168287385.47269,354683158.2008252,1372922425.257784,14181362427.058964,6914237440.689697,388687132.9580202,1952383430.3352017,971840009.4703045,11071050177.042894,5624197251.174534,1171830513.0287733,10264735502.92059,1419921462.3573446,15581540588.012241,4995396817.247871,2169012369.9278717,7417834659.159168,2868603257.6881285,2957405970.7317643,5307338308.393603,484281198.932665,7221400396.107885,971969402.4222162,565866473.7944124,2996166017.496789,50635456803.16418,542867713.9481342,1592160893.4520593,0.0,14458921621.891438,2139050149.3637736,2646221641.0057416,32068917468.334633,1911556104.1763806,80960415706.10913,4174072299.5477767,291774300.30928755,6262077634.541288,19147503305.070515,1398034006.6165648,5576700259.366413,3585381875.1644697,3674728701.726673,3917154123.637985,877664256.1605945,165047677.40204525
OH,169240639.26171303,5007446959.106696,2092062474.7102776,2294906891.9360733,16925491463.240396,2607417557.912819,2684937133.1983347,298774542.1633997,591571488.4178867,10106428087.32193,10185690465.921627,424435582.52952385,3046743545.0436354,331978099.5589218,27161536205.60187,34149859888.923943,4674375101.557651,23108901153.935257,2725593664.82243,3867083834.1911736,6103648520.619303,1051034755.4656725,41374696380.06886,4862406264.476501,6979649767.629365,2734606782.584076,1537493694.330472,8966673201.585754,1205363884.8486326,1864130801.867239,1058724642.7930632,9357224343.902786,682348537.9654045,826286376.8396149,13418165230.715054,0.0,4800459136.724827,1372848297.2429876,30476503814.133045,405094086.15528584,50944989749.385345,4276949815.2749596,395481762.2051902,11100709836.739023,22556792258.935913,1589987451.1153226,9990796040.514727,267851042.96841812,3412985195.485755,8804020154.762484,7186463937.279906,176926281.9193821
OK,14475212.665203094,827325530.0270195,3334542859.394374,1017094018.6391175,5168703710.613575,1650590430.6741037,168526675.46307564,3912326.0487480164,89060755.7867322,1668930653.9357748,1368542318.5830138,33130532.50474167,859604298.6113801,219624465.6390705,2368219595.4399858,872053436.4302654,4134778450.3694277,529294532.3808632,2336158495.9206944,238425509.21917534,493849766.51866436,316377838.8315487,1508826609.859772,702527568.0143175,2327082795.817128,525928906.6159649,452773436.90450335,1112112233.5825567,393716911.49158,648885343.5471001,64915640.14578819,767919777.7552919,719582611.3001528,295306138.55742645,1160233167.6940901,1541864278.8500307,0.0,404008941.6700306,1629190317.1354291,7941911.9643268585,5498608078.530248,695323523.6044312,87093751.71451569,1580403542.2814095,25468737153.62122,329708362.14705753,561407022.4065142,143558165.4241104,1771470847.5659046,889578809.0618548,210528888.47737885,349048949.0633869
OR,465358883.33772945,748628155.2380929,75706603.42825985,2416982208.583021,16174057550.627296,1068995697.886179,503552785.19067097,21774049.92641449,27586007.12023449,1403760462.1300738,934575224.8298368,297992214.2107449,595884355.772999,3386891274.0513678,2251702733.6381335,868193146.1811962,325611122.1622858,655115837.2932701,358973974.5889044,713269725.8684082,535041464.48384666,139572156.8805027,1007000625.0737199,865361017.948566,775719987.3333526,229857184.0133295,1400872302.2020433,1082889680.4895892,268216170.2735122,187180893.52488407,59229024.21163559,821528335.8681812,235320214.14160728,1019770564.04091,1574148870.7188735,1454312531.6457005,343716460.40528965,0.0,1156153018.327125,14159406.815579414,22481494502.63665,552163670.6085081,135342547.65779904,5351670765.963755,3073951801.369931,1460583641.1608906,698265074.8759308,83802970.7743721,29528176037.56655,711503973.5543311,98469878.10006142,196405956.3091054
PA,818819370.45681,2773948945.228465,1576977272.8602684,2988071491.6277657,15770752079.239002,4102471419.0411863,7680324044.268772,1302270526.1725998,4494823650.513188,12854285985.769186,9105451693.588501,295603118.15608215,2488271963.075226,699022702.1143868,12309071842.76161,10188460637.76562,1920934498.710247,6971075295.488716,1639351098.788358,12127258928.86194,22765779463.828663,4465197746.902702,8676017130.966286,2468746260.9047847,5265185534.416167,5607611932.180616,834197641.5935507,13094468546.77259,514015600.5398445,1142588390.2856178,2552033378.9026294,58415974416.93119,394525832.8691349,1153311348.229516,65170616370.35113,34630796515.98372,2228791915.725634,1601151786.4814625,0.0,1121962961.7175202,40929832433.29468,7628423773.183902,465952455.3188529,5324617261.540135,16481256276.490257,2597615746.9376945,17057149077.20958,1254033307.0051203,3358904882.393087,4231808520.112489,11525235387.861052,374384032.8597717
RI,53946300.42206383,383590572.0300379,164495508.0549698,339694198.4513531,1084136319.5337315,177516407.44637108,4600785722.388283,17390788.75692749,26225655.54853058,1141835530.4020395,484356988.25847244,25020839.79984188,123035669.80154228,29852555.146427155,666756840.9711118,282232659.7499304,109238592.63326645,263408018.42619705,146671262.53044128,12588636874.277369,256879695.17222023,541599975.4105091,491360629.35098267,178355536.6787567,220594836.1131878,42411542.46826553,28803023.93369484,375566752.63734674,21246212.8664093,78115298.40109634,1250669642.7558813,1609785239.984519,189018333.44906998,47841778.56198311,2463418157.935038,933521029.8963976,78953065.00476074,247640277.80281448,966880945.3404217,0.0,2504646042.499013,324114870.10497,62569347.70839691,287190631.9609928,1557951174.2910404,191852062.64787102,546516451.1300716,508203015.6507416,179503138.57478285,320414391.4980602,22003200.895626068,16282396.868473053
RoW,1697894134.3097248,22044554682.588676,9225232787.105896,18884778574.082153,434368502098.8573,10857368561.528542,16671901470.38424,468637169.07030904,7551006080.988074,72288006100.79419,90417542488.44815,7310512730.426067,8993254973.9065,5501678178.401897,129099157338.39243,59118909228.6131,11604256483.291626,48029143286.71881,37182856589.62978,33329385765.6171,32231852032.006413,2857274727.4854045,138051416047.70734,29856139400.809303,17944715195.725845,17361602872.03576,4447927162.990788,46701356996.535095,2684132084.7544117,3687151223.7315764,11246153516.466087,111818232174.02042,2218870198.4714136,12121724202.049839,118471047258.00621,68128143406.33951,11995692555.232206,17171405780.880188,82158022258.61453,9378772962.521587,0.0,37284300316.88176,1073835045.9956565,77438629628.8343,262177900366.9808,13725274730.153118,28687736718.842262,2890283094.1372085,48609696642.2549,27932727519.478355,3302034837.1739964,1706871151.8666244
SC,14726694.754625559,4390704617.7756,1338185859.9340377,1134985030.978642,5690640276.369315,568414952.4500217,988708309.048507,207829292.76023817,381510837.28143835,9195898521.288021,25969847496.38066,17626043.729782104,800995551.4476423,103624128.10868049,4279160680.2877884,2979383058.2370734,445663913.7258377,3697051261.1019487,1026148467.6945567,1755925541.7854404,2337130044.4347734,464520052.3103752,3410070991.666318,1490110496.2454438,1992659035.6561198,1178001635.5781503,165665139.44656754,19482721114.76498,476153445.8934431,289595275.38273525,258622293.88538504,2286532281.2558203,254496017.8980863,494713138.9447751,4059365883.7831473,4301098728.2087,749599304.3462286,464721461.25772095,4437506146.451442,158462180.64704037,32963985011.842155,0.0,98613799.5762024,7261925192.730474,11741388878.087597,612213529.0565033,4187544229.6405897,227911815.9150877,922279604.5213861,1663533355.510437,949221391.2517929,60499164.02353859
SD,5506003.166942596,245806613.98058033,176702680.1659565,193491501.30444193,1049426558.4637055,389969654.9288621,40185628.50217819,3896342.9862594604,20409458.563799858,203879182.37423515,350168784.5888581,2706164.0623435974,2927116015.5094805,93311297.21493912,1109539825.4596362,198457093.81890774,399513221.240428,187404333.96891165,51792398.71931648,133529581.2634201,70953863.58586407,27684156.459039688,400607354.5030241,3005350075.110743,277849656.50506544,101218845.35397339,520586123.30478,352689945.8540287,1586074075.574235,1131392589.1214027,30427878.974485397,233449567.06741524,40209726.80898476,73191758.7407093,196380465.78560352,324194514.690917,101163416.42995596,231537682.23784828,431971770.2126827,10503274.489128113,1463369190.0730991,51499336.5751071,0.0,452643739.05246735,1595230408.513113,114721588.3537612,297723503.2814121,9426646.921761513,1911096301.9073553,932463134.6514812,13913121.835102081,451073193.14455605
TN,115881208.05435562,12760973255.94319,10686781885.393724,1866609201.4085538,16051006428.560326,1995498370.0860085,2165972511.1929636,95055173.59986115,1091515911.365841,15460500739.38266,33459706174.45404,257321923.41148472,2428236274.8450046,629595280.87044,10321881313.851969,8702269761.855541,2608216220.4054875,17559867051.978317,7033882468.592754,2255628430.297617,2683927189.718422,479373744.1512239,11288727282.878304,3570983802.270135,6951942688.842129,15689264248.612259,1224831448.2406635,10652193270.896177,721175312.7733183,1079231466.307644,386819123.1665802,6788878346.287434,634655451.7289238,1458175126.4457526,8415216710.425221,11029286238.399319,2305757580.1548953,1462653300.2526774,8818621869.457678,463316453.7775364,34222915485.41544,9520138172.34221,364811717.2529192,0.0,23154359687.93979,903407646.2559371,7993935326.800826,174994956.61123276,1434521127.0690632,4441527655.180818,1694547454.3846426,170259531.5667343
TX,651818906.5381551,7229586489.539952,11174482215.150225,11739850962.09387,46157260240.44171,12283895078.264193,4310749751.545465,180119407.11693382,548942416.6483788,23038975614.90082,17270818218.99797,583191284.0019112,3967378728.0940237,1137031204.8567538,19258613432.44593,9548162373.815237,9296874326.954962,7853528482.957559,38607050888.258446,5864515441.622629,3403438860.412695,614836291.2423267,15603272271.022005,5019356618.8053055,11579718905.740456,9036759283.804508,2688750625.3210154,8343995380.381875,4367509860.276029,3778615334.0095134,512173160.36576843,8068222674.964571,12221161875.08131,5051961065.511868,9417620677.704462,17712549918.86902,37785180834.39425,3105138910.431258,11628965173.545982,374616079.32586575,273150950571.8595,8712980462.553984,638613281.9735084,15743122360.854158,0.0,11041660676.141792,5511338927.664708,323517169.95571613,6702353722.855535,5452178295.1694145,1992294876.1449933,1668826298.495618
UT,98624420.55124283,652802000.0468905,274238858.7512908,2846614902.5045605,14487823179.13035,4449705034.580933,269938354.3545828,20297387.21317482,110447829.88245583,1922525701.4889224,1858413058.3874779,81558208.41236973,907669103.3518149,6043362626.817387,2813126450.9734936,2073125365.3690925,467262073.0277495,1023817364.7380352,211865260.4983654,592535604.2659812,481444572.25889397,53726333.048648834,1753714003.4572632,1171155496.635706,1258072895.6401386,223477890.60812664,3469071955.322379,1419765675.7184215,252902409.83210564,611764268.7353401,102520257.82647324,643974050.316299,330278196.3823798,3396772672.9739256,1707257316.551484,1386378076.639854,449443646.76813436,1712872874.7126505,1811315043.462359,59030856.009241104,12125509111.832806,632410013.7644866,144529418.26986074,3377330872.439938,6828021974.939577,0.0,784866469.4853382,106692002.39608955,2892015876.9901657,951950822.6183121,73759708.76968431,1497534113.1868138
VA,36523514.332344055,1862817543.359015,726558477.3580179,660069285.1429601,5451982708.9560375,790353074.9499187,1377673442.9083319,6619397214.852001,1815890706.4964633,5140496572.22958,5368312921.5428095,110748548.34972,769150165.0967646,146411249.75821304,4577083292.857792,2676434282.857874,850779132.9317498,2452563021.0475006,823220156.2252698,3160972795.4479475,16869091637.804218,641421016.3468094,2975613165.404868,889137287.2755451,1350821841.2927394,687716155.8463297,284183739.86077976,16862106279.164448,260696557.50634384,348346175.405715,416798019.9293165,4751525157.0848465,255236929.0911064,570473607.3245745,8936956617.388756,7424204071.351965,454497700.0070672,453479506.9789076,12331889065.524323,474428579.689188,17895426220.33628,4079823341.456535,158432992.2396717,4032836575.7124443,6598310266.318964,791431659.6335468,0.0,107039787.90730572,1060047756.5421891,1571922964.3242826,3622133892.375513,62211482.85634136
VT,2843575.4274787903,148568225.28048325,41225429.15334129,92651103.64221764,679347726.5985956,118272490.36414337,406945659.9868808,7451293.721057892,9979453.268054962,421730694.1665964,675344731.4994726,3312056.4481258392,164029652.70809174,41096526.667933464,698418189.9550095,142889933.33944988,100583523.30873775,51168434.23928833,43158964.77326012,1334608207.569623,862635122.3867102,582898346.6894171,372663626.0858917,134318960.49426174,168068878.12351608,28127299.190977097,24593476.99661064,316926314.787076,18771016.989761353,40631481.63579559,1006446926.5104239,1469451876.4498396,35008207.97754288,282545861.62204266,3346830368.975711,627509699.6968188,39509582.4669981,91517193.75771904,1094006293.6703286,64269216.52260876,2818760281.36047,210531547.96163368,18404673.55546379,730154918.0217876,745558272.4474535,66609304.9299345,274141993.98659706,0.0,260036178.2609253,260319257.6768856,47790326.9587307,5360060.298755646
WA,8768275661.30776,635767643.143281,251270790.99398613,2209615477.185577,22218518261.36612,2937478843.801301,2577480991.939554,463268694.74082947,96430269.3952446,5969043376.195549,1773198028.96701,572820992.7469225,871618407.3408635,6661928370.593374,7037514974.380623,1488760617.2037106,1551288148.763349,3710904990.44633,380987291.41433716,1299728862.4402552,1979781373.225371,234130213.0890236,2698904027.013974,2185841227.037469,729270770.8707194,280750181.7334883,6577494925.3071165,1486220923.2552829,487331374.8898549,350267253.8252444,163517197.17156124,4048849816.1872997,391458092.9644413,1647731387.6006327,3824429521.876785,2292384965.7157526,818365200.3131304,28188967870.991917,2657360568.48638,142585750.31596947,87532585970.71764,1251332778.4706225,175298061.2014103,7141997531.356786,14852057266.261116,2268539564.0182486,1615390899.0063162,174139312.80022812,0.0,1026349040.1721988,307331586.83992004,509114798.29030323
WI,75622359.91227531,2035634587.758397,1492550630.4830284,1770921703.2666569,11460462508.500656,1905343078.3503158,1488302446.8791957,80498543.69505024,249914797.94495583,6337933302.512532,5183997195.415749,108594086.64497375,6919360275.722124,893983073.0272956,37013843700.183464,8958275735.896473,1889296819.4106736,2702629549.6835365,1045970521.9980686,2805115090.025014,6094822454.399405,334243311.09554195,12280141952.451777,17780592066.20467,5238694285.015237,862066512.0641451,920671660.541872,3248627487.487544,2117356115.9350283,1869760939.3588395,448911221.8685918,4926481059.337268,296625820.95514846,911049456.6308556,6793894963.769723,7841679105.903867,1289836117.8232489,1526054807.6451669,8923738203.724648,291439552.12755585,23680264728.36773,1938577021.034597,1757709463.6580582,4414307885.841358,12818280294.841352,1306578644.8854134,2986736538.626759,188647739.12404633,3400457062.6177926,0.0,483769973.08366966,154758055.02858353
WV,8173392.983646393,173984447.63937378,102604193.04395199,132416710.94724274,775892238.0328574,88096813.38122463,107044798.84348774,30760581.163557053,84397144.63588238,307082423.7178364,734763896.2789488,335422.89070272446,38167329.68209696,13302744.73252678,823558287.01574,1595187231.378705,113448316.41046,1574668218.1514077,223613268.86915445,282260922.8143978,2305711780.1448417,136076570.0979185,2768875582.7781367,181329304.56505108,270491894.5351343,535923340.82960796,33405057.244324684,3871985957.7253857,9178829.177650452,75197501.34878731,60280308.419073105,600690260.3883848,8145030.420692444,31893751.085892677,1015686868.9413071,6673362007.459799,135040446.90690517,58090732.76727438,4996617338.693039,18929955.481061935,7230092936.913743,320216716.6433896,7840155.554992676,746690254.83707,1657703148.9212031,49269393.89723015,3715873551.6423163,61333921.374506,165472956.1829133,417122474.0724678,0.0,14883852.32266426
WY,2532764.693716049,90122165.49601555,184661142.7171564,124911223.63998032,460947232.22334623,2736563511.453652,7488448.832428932,0.0,1161359.6953430176,43640006.02542257,86487414.24190235,684777.5892944336,229556355.1452303,165251270.0007944,399937184.418807,239954494.87786388,267317689.59154797,113829341.33540535,149203754.56858635,13368821.95917511,8964181.907129765,3802343.1507110596,269868126.1257405,219270650.3370571,636757262.1738634,6140651.402801514,564563688.8672061,100901730.6761465,221296280.97241354,284540936.5410013,5768091.500822067,40950366.81671429,110505513.35090446,105168949.16838455,72652639.55930519,169190788.0637045,176941141.54856682,307190927.41992044,192923799.26993752,599563.9835968018,1231545761.8444152,8455183.919765472,150690296.31477547,70974882.53658009,1371153280.859591,612394141.8884249,17446791.771265984,8116991.4949646,226165513.6473899,348457078.4342675,14295619.146129608,0.0
