origin,destination,trade_value_usd
AK,AL,2618185.2687454224
AK,AZ,9861662.486078262
AK,AR,32480248.641952515
AK,CA,68934899.03533459
AK,CO,8837565.767912865
AK,CT,406862.09779930115
AK,DE,1864600.199142456
AK,DC,2289575.1088752747
AK,FL,12591941.47642517
AK,GA,38722516.84893417
AK,HI,492580.19845199585
AK,ID,4425338.923999786
AK,IL,34241760.431863785
AK,IN,4021700.388759613
AK,IA,1124385.6731176376
AK,KS,3959044.4376068115
AK,KY,3842684.650417328
AK,LA,8978082.683142662
AK,ME,2143919.179995537
AK,MD,6380321.768028259
AK,MA,20074438.415958405
AK,MI,6013986.91352272
AK,MN,9549302.721738815
AK,MS,77610.30038452148
AK,MO,6025621.913978577
AK,MT,5360280.594198227
AK,NE,232901.3996734619
AK,NV,11833354.173875809
AK,NH,1836447.8933143616
AK,NJ,9810786.262619972
AK,NM,3560457.997718811
AK,NY,325423068.8052244
AK,NC,7687146.556274414
AK,ND,350891.5959596634
AK,OH,12402079.796072006
AK,OK,6439879.655056
AK,OR,28670223.394729614
AK,PA,11924723.475513458
AK,RI,68209.09999847412
AK,SC,1906560.6397895813
AK,SD,11907.0
AK,TN,10739948.653064728
AK,TX,30990375.134166718
AK,UT,905909542.7860298
AK,VT,4064885.076739311
AK,VA,10453615.90766716
AK,RoW,5560903113.444966
AK,WA,1867045562.8463607
AK,WV,1507658.732925415
AK,WI,8198453.608615875
AK,WY,1726710.2515411377
AL,AK,9918150.795414925
AL,AZ,1331121421.0803404
AL,AR,1687198166.1794648
AL,CA,8177202894.267026
AL,CO,948189779.3641863
AL,CT,243392136.72519493
AL,DE,350413016.43016815
AL,DC,68578737.75258446
AL,FL,16221478260.95064
AL,GA,28981110392.54588
AL,HI,51804914.65554428
AL,ID,124645871.73427963
AL,IL,3292824842.1166162
AL,IN,2629961108.341633
AL,IA,708481158.9737902
AL,KS,627761445.9157734
AL,KY,2614006070.6670837
AL,LA,3647684005.8150735
AL,ME,135559407.31010628
AL,MD,1325651714.526536
AL,MA,1249111009.9799137
AL,MI,3969219215.166153
AL,MN,1065637454.1956749
AL,MS,7440842399.340477
AL,MO,1869380612.7119045
AL,MT,134768672.2467003
AL,NE,652441079.9163494
AL,NV,297771963.82470703
AL,NH,196059680.4081459
AL,NJ,1817686972.5043437
AL,NM,149202017.95359802
AL,NY,1771709992.1239367
AL,NC,3811109606.3473053
AL,ND,97276849.85052109
AL,OH,4445163503.393805
AL,OK,1602305441.3568478
AL,OR,456618947.68330765
AL,PA,3000895647.8532553
AL,RI,38505582.72311497
AL,SC,3160610517.016395
AL,SD,121657766.86840248
AL,TN,13033474072.1776
AL,TX,10971695374.665283
AL,UT,636777997.3008976
AL,VT,103303541.82451439
AL,VA,2046757645.31291
AL,RoW,22133584854.928844
AL,WA,1044012577.493146
AL,WV,346931360.1554947
AL,WI,1522656605.3337507
AL,WY,35599409.00689125
AR,AL,1467090540.047028
AR,AK,39391845.96563339
AR,AZ,1202249383.83037
AR,CA,3662355401.153197
AR,CO,728140376.1182458
AR,CT,192059084.70110035
AR,DE,26627362.82828331
AR,DC,10331719.687278748
AR,FL,1828738210.9360957
AR,GA,2561705471.5526257
AR,HI,50255978.242767334
AR,ID,85343773.68400764
AR,IL,3183342698.5475287
AR,IN,2749413829.1064043
AR,IA,841366809.2374728
AR,KS,1031817019.3068869
AR,KY,1047636479.647603
AR,LA,3145914966.2993603
AR,ME,237436059.29644012
AR,MD,285094152.4507084
AR,MA,597032747.8106022
AR,MI,1667778917.7125108
AR,MN,517059856.7158506
AR,MS,2775813084.9632635
AR,MO,4346550006.750067
AR,MT,171469826.03613472
AR,NE,541683052.9250135
AR,NV,114093783.42522049
AR,NH,125530200.96707535
AR,NJ,852067925.4377313
AR,NM,255984593.56258774
AR,NY,1444841863.8259764
AR,NC,1040737914.7183867
AR,ND,131648963.41033268
AR,OH,1906441774.670524
AR,OK,5848675342.543778
AR,OR,401334990.11810875
AR,PA,2067886140.5612864
AR,RI,15803799.831291199
AR,SC,685239491.9607935
AR,SD,108446797.67286682
AR,TN,5464639334.697836
AR,TX,11461961758.907995
AR,UT,1219419075.5678577
AR,VT,72128846.6113205
AR,VA,1025293104.606801
AR,RoW,6264987088.497465
AR,WA,657598159.8674488
AR,WV,234922279.35749054
AR,WI,1163000432.9091635
AR,WY,96884466.43042564
AZ,AL,1032006137.6010933
AZ,AK,143577383.27661705
AZ,AR,188132532.8941841
AZ,CA,28773748306.572083
AZ,CO,2008535923.096765
AZ,CT,770635883.1678276
AZ,DE,77038106.43405437
AZ,DC,23841982.704885483
AZ,FL,3176615751.336464
AZ,GA,3072618558.789972
AZ,HI,283433134.25030375
AZ,ID,383360401.2422085
AZ,IL,1636230611.1780622
AZ,IN,1720776995.087719
AZ,IA,345207855.78606987
AZ,KS,569870278.4244424
AZ,KY,453340739.5252304
AZ,LA,501700291.1246034
AZ,ME,118307031.61746597
AZ,MD,677326430.0222416
AZ,MA,935474256.087566
AZ,MI,1424297861.027469
AZ,MN,1554235404.2077923
AZ,MS,1187052448.791802
AZ,MO,921996510.8452315
AZ,MT,342870242.8577843
AZ,NE,684271228.5297791
AZ,NV,3625360223.8459606
AZ,NH,243136274.92091942
AZ,NJ,1099675795.9636412
AZ,NM,4972289803.640916
AZ,NY,2392027228.350325
AZ,NC,982893033.0699034
AZ,ND,85544889.28779411
AZ,OH,1099990595.6430483
AZ,OK,475842644.69693756
AZ,OR,989810943.8461103
AZ,PA,1395478219.7686443
AZ,RI,140482598.68309784
AZ,SC,811374999.696188
AZ,SD,77473805.55171585
AZ,TN,1382569161.24997
AZ,TX,13822708642.17015
AZ,UT,2603011177.838144
AZ,VT,60038520.74398041
AZ,VA,1531579163.4625282
AZ,RoW,22438310203.218025
AZ,WA,2075374636.6160958
AZ,WV,45486657.62293458
AZ,WI,797153107.1005306
AZ,WY,160810384.1926751
CA,AL,9853174035.043344
CA,AK,989122849.6607914
CA,AZ,37139048412.28582
CA,AR,2653561780.98382
CA,CO,13784256455.336758
CA,CT,5997968211.570751
CA,DE,1054920742.9292278
CA,DC,736130347.84657
CA,FL,38465193194.36145
CA,GA,16184856167.050379
CA,HI,9724508933.609243
CA,ID,4154731675.165884
CA,IL,22390565920.78359
CA,IN,11117869192.713074
CA,IA,4191943838.463813
CA,KS,6575946721.135468
CA,KY,8460295781.112959
CA,LA,4481847498.632055
CA,ME,1146865669.4705896
CA,MD,8735724468.940899
CA,MA,10168068069.493927
CA,MI,16754029364.642685
CA,MN,9638862965.833431
CA,MS,6905682076.553591
CA,MO,10329563520.308853
CA,MT,3434409731.407851
CA,NE,2331258909.992921
CA,NV,31276142141.026905
CA,NH,2540362891.9664154
CA,NJ,20512225359.96171
CA,NM,3136598879.6372356
CA,NY,24813185322.947975
CA,NC,11844170159.228542
CA,ND,1494138456.8077202
CA,OH,32224013152.568672
CA,OK,6144499814.280881
CA,OR,23580379976.57371
CA,PA,21788349218.76222
CA,RI,728643875.3431425
CA,SC,5289801029.254108
CA,SD,712727726.4692793
CA,TN,13551609197.959002
CA,TX,69730496816.38536
CA,UT,17452254855.05356
CA,VT,525088057.6618767
CA,VA,11167889293.793306
CA,RoW,181643108890.51334
CA,WA,32918878000.67843
CA,WV,1477316726.9181004
CA,WI,8764912915.13557
CA,WY,1056667521.3376155
CO,AL,536310842.28426504
CO,AK,536929384.2474937
CO,AZ,1868014489.3837197
CO,AR,173190525.2027502
CO,CA,10689603803.803526
CO,CT,290130770.8591857
CO,DE,163053799.02584457
CO,DC,21358293.562854767
CO,FL,2386579967.3758187
CO,GA,1016037734.2562187
CO,HI,89167529.09287596
CO,ID,746841236.1696172
CO,IL,6041965362.473738
CO,IN,632875319.9339714
CO,IA,1254785786.2162106
CO,KS,3485070634.787029
CO,KY,952386394.3291702
CO,LA,484715303.127306
CO,ME,134635311.16304207
CO,MD,615395722.3209858
CO,MA,2415152539.786963
CO,MI,1505337491.053129
CO,MN,1621433348.5097566
CO,MS,258041806.10554427
CO,MO,2046050357.4771512
CO,MT,1853420059.2007146
CO,NE,3104926566.7892513
CO,NV,415653801.83514786
CO,NH,264570431.22444153
CO,NJ,1533021092.7826555
CO,NM,2472302161.218105
CO,NY,1888024578.8897526
CO,NC,849651073.3095431
CO,ND,457277004.4047928
CO,OH,1660480107.951354
CO,OK,1114151394.0770583
CO,OR,1441010080.3255854
CO,PA,1425787509.0054266
CO,RI,43893356.44609451
CO,SC,400880358.32000923
CO,SD,1021104504.9245892
CO,TN,1086097491.9264288
CO,TX,9009960527.252602
CO,UT,4925885179.490034
CO,VT,38282873.2233963
CO,VA,1120832987.6379354
CO,RoW,9725873918.815765
CO,WA,1858484973.3274474
CO,WV,77042720.37148046
CO,WI,915081103.4522629
CO,WY,3838552301.218992
CT,AL,413751432.4976425
CT,AK,43205111.23640251
CT,AZ,709857120.9931479
CT,AR,319586133.55007935
CT,CA,4704677466.128254
CT,CO,481281817.84872913
CT,DE,580916916.1083565
CT,DC,335216527.9819107
CT,FL,3550975984.410944
CT,GA,1642457271.9770975
CT,HI,170728508.77423668
CT,ID,298755517.71767044
CT,IL,3551304831.3315167
CT,IN,1400644705.9480515
CT,IA,328784002.46220016
CT,KS,518490636.98612785
CT,KY,1705624245.4268808
CT,LA,277765973.75017834
CT,ME,1625510395.5217247
CT,MD,987077902.6669121
CT,MA,19887188233.117447
CT,MI,1859651591.32685
CT,MN,1035687353.9775743
CT,MS,289359869.8971977
CT,MO,796320205.6170168
CT,MT,91701810.58824062
CT,NE,281137661.3708687
CT,NV,229749217.52641296
CT,NH,3123204217.3689404
CT,NJ,8419216979.952022
CT,NM,62153232.51341915
CT,NY,37695740904.28837
CT,NC,2203005405.6262436
CT,ND,89009010.99564934
CT,OH,2233368432.2897053
CT,OK,380545678.18911266
CT,OR,281443279.93302345
CT,PA,5015616393.399783
CT,RI,3784038457.3249993
CT,SC,864419017.8565807
CT,SD,109568330.5987072
CT,TN,5975558196.89771
CT,TX,3985728480.3504305
CT,UT,334769730.97899914
CT,VT,903355128.850913
CT,VA,1135883920.251727
CT,RoW,14638134663.346209
CT,WA,640989427.3310337
CT,WV,119581434.0284996
CT,WI,930183421.1082973
CT,WY,28038661.756443024
DC,AK,8171033.408691406
DC,AZ,134731.80541992188
DC,AR,513655.203125
DC,CA,32995198.822654724
DC,CO,10985724.358398438
DC,CT,1175463.2971801758
DC,DE,2364827.4302368164
DC,FL,4453040.518173218
DC,GA,25079838.480766296
DC,IL,10581711.09388733
DC,IN,2566713.811542511
DC,LA,1842756.2810058594
DC,ME,961146.6607666016
DC,MD,459668247.7558174
DC,MA,4458577.010620117
DC,MI,988538.7062988281
DC,MN,1992178.9584960938
DC,MS,1786401.505569458
DC,MO,11485847.727584839
DC,NE,1592965.6206054688
DC,NH,224480.0
DC,NJ,9041170.342391968
DC,NY,4280964.828098297
DC,NC,9004731.588043213
DC,OH,1440533.7584838867
DC,OK,2141676.061279297
DC,OR,1840026.9189453125
DC,PA,71736355.01870346
DC,SC,247321.2081298828
DC,TX,11740638.018920898
DC,UT,544436.0
DC,VA,385799945.04125404
DC,RoW,1547385282.4654994
DC,WA,9403623.992622375
DC,WV,1695660.0993022919
DC,WI,2789355.5
DE,AL,121747158.71449566
DE,AK,2648671.2163085938
DE,AZ,695389955.6833334
DE,AR,181556565.42881966
DE,CA,1543471672.6956005
DE,CO,358713963.6208191
DE,CT,426757564.9094827
DE,DC,34004467.570100784
DE,FL,819662807.1210136
DE,GA,829461351.5366802
DE,HI,1420063.019411087
DE,ID,15006380.998462677
DE,IL,825989558.846097
DE,IN,421367781.8555579
DE,IA,130286259.03383255
DE,KS,29644380.7467165
DE,KY,384505528.8936758
DE,LA,202489930.23342896
DE,ME,100254389.85834885
DE,MD,3970841009.6032777
DE,MA,1569549514.6279135
DE,MI,369512415.41740847
DE,MN,122775276.66410637
DE,MS,25165177.030994415
DE,MO,470716479.20582485
DE,MT,69542303.24323559
DE,NE,22341933.81321335
DE,NV,81161851.64904785
DE,NH,101176410.41331291
DE,NJ,4353794415.255283
DE,NM,18406164.974858284
DE,NY,3299953638.629763
DE,NC,415841163.68665934
DE,ND,43384645.058568
DE,OH,4438566060.092073
DE,OK,31963035.987193584
DE,OR,146579656.01974916
DE,PA,8751189815.153183
DE,RI,81426310.23641777
DE,SC,204910658.90776253
DE,SD,87661222.59004784
DE,TN,703851062.1035514
DE,TX,1271315918.8240905
DE,UT,247981665.68794632
DE,VT,50440638.03303623
DE,VA,1085973659.5912976
DE,RoW,5298474985.437139
DE,WA,157102592.62077665
DE,WV,122930347.05560493
DE,WI,245307343.4659562
DE,WY,8088644.259311676
FL,AL,7108468565.316892
FL,AK,270621280.857172
FL,AZ,2426407070.177207
FL,AR,1880476606.3538065
FL,CA,11764391543.695599
FL,CO,1238299233.134448
FL,CT,1816045541.2233143
FL,DE,478341570.2389412
FL,DC,638194257.3315849
FL,GA,18505655981.21466
FL,HI,220270091.12008667
FL,ID,331475472.9473028
FL,IL,6154516148.085041
FL,IN,3136570979.3544135
FL,IA,1217713631.1996346
FL,KS,1416644928.3947268
FL,KY,2723406614.933439
FL,LA,2352713441.912279
FL,ME,307449295.440856
FL,MD,2540833851.6744347
FL,MA,2256799342.6148977
FL,MI,2784879761.1108484
FL,MN,2193377279.6482105
FL,MS,1776774086.074915
FL,MO,2648957166.3336325
FL,MT,227248339.70014572
FL,NE,642207427.3582172
FL,NV,1137182026.8980918
FL,NH,368146054.68382835
FL,NJ,4300139386.729479
FL,NM,394382417.5732355
FL,NY,11976313774.451326
FL,NC,8107720937.623468
FL,ND,400700337.6901798
FL,OH,5496410798.84255
FL,OK,1232769074.1837816
FL,OR,1236752089.3534927
FL,PA,5425939717.181986
FL,RI,165184357.12837505
FL,SC,6233315398.9060135
FL,SD,150684057.11560345
FL,TN,4676149405.777309
FL,TX,12771935174.51404
FL,UT,1998593742.257741
FL,VT,118359915.73759651
FL,VA,5387267024.05959
FL,RoW,57826590613.67026
FL,WA,3489019122.0840397
FL,WV,547856987.9753704
FL,WI,2026991279.502246
FL,WY,113280884.4763937
GA,AL,19284574739.081406
GA,AK,162563613.28532982
GA,AZ,1973664023.9619331
GA,AR,2372626860.6911654
GA,CA,13968677972.83277
GA,CO,1681923703.4542122
GA,CT,1362763083.2849026
GA,DE,499998601.6308842
GA,DC,347009973.23819256
GA,FL,57181694281.52515
GA,HI,129917524.13524246
GA,ID,345871470.40375423
GA,IL,8782355413.094528
GA,IN,4809910084.085175
GA,IA,1677199603.5585783
GA,KS,1953147263.1152973
GA,KY,4842073625.393656
GA,LA,4162231331.4780893
GA,ME,423495032.2254257
GA,MD,2455646184.877866
GA,MA,1834333666.800393
GA,MI,8785724435.228039
GA,MN,2685352071.59816
GA,MS,4494674645.730474
GA,MO,3116487939.745922
GA,MT,811432598.2687607
GA,NE,611124178.1338091
GA,NV,668798765.4981499
GA,NH,864290772.46309
GA,NJ,3721582701.314709
GA,NM,385750278.5863018
GA,NY,5741744878.583951
GA,NC,24185100862.054123
GA,ND,592822946.0991745
GA,OH,7146227457.147263
GA,OK,1844919030.186802
GA,OR,1287390235.976389
GA,PA,6852605562.977129
GA,RI,399310105.6665797
GA,SC,20481662104.083405
GA,SD,1524680410.9974117
GA,TN,23679678657.654125
GA,TX,20575483410.177162
GA,UT,1099345710.121419
GA,VT,348238782.5054064
GA,VA,5350221465.58421
GA,RoW,38692471388.80824
GA,WA,3190845072.527626
GA,WV,746203800.8000736
GA,WI,5160114684.97903
GA,WY,183184459.66205597
HI,AL,1605334.5189170837
HI,AK,1755605.358505249
HI,AZ,17512552.233880043
HI,AR,6797664.09677124
HI,CA,322770916.9256973
HI,CO,17429754.230075836
HI,CT,27377107.335056305
HI,DE,1887106.591079712
HI,DC,298127.397480011
HI,FL,116247247.09665966
HI,GA,14688998.971449852
HI,ID,1879840.805475235
HI,IL,32519449.08693981
HI,IN,6876578.042627335
HI,IA,953253.6976318359
HI,KS,2059965.800857544
HI,KY,8133988.460389137
HI,LA,2491028.9127693176
HI,ME,1135816.6842041016
HI,MD,9342260.376613617
HI,MA,8231624.804261208
HI,MI,12243470.521639824
HI,MN,3042410.0495262146
HI,MS,280661.1946411133
HI,MO,6047377.507331848
HI,MT,416740.48680877686
HI,NE,1214825.4851608276
HI,NV,20380985.75074482
HI,NH,3530996.445701599
HI,NJ,7131187.536643028
HI,NM,14861037.632659912
HI,NY,40974504.725426674
HI,NC,5671590.98550415
HI,ND,1017928.8339366913
HI,OH,7605957.080188751
HI,OK,3444988.226633072
HI,OR,8121455.683822632
HI,PA,40558241.4221344
HI,RI,348155.6022338867
HI,SC,10902375.91342926
HI,SD,733867.3816452026
HI,TN,13775430.617378235
HI,TX,73022608.25424004
HI,UT,5789176.849216461
HI,VT,2005633.3827667236
HI,VA,11942382.11773777
HI,RoW,3149846583.319187
HI,WA,31724756.864915848
HI,WV,1095560.884223938
HI,WI,6394501.868471146
HI,WY,405309.7986869812
IA,AL,1031235764.006176
IA,AK,66743726.49555969
IA,AZ,1727537190.53161
IA,AR,1110776070.758557
IA,CA,6564716119.162502
IA,CO,2392403166.259247
IA,CT,514030255.14044094
IA,DE,146833959.3935585
IA,DC,12003378.683002472
IA,FL,3242764944.178586
IA,GA,4959319144.631138
IA,HI,43028414.99774361
IA,ID,849957691.5861177
IA,IL,16760016844.766848
IA,IN,3522206597.9723225
IA,KS,4057845096.090508
IA,KY,2422708210.178992
IA,LA,1869955570.4498549
IA,ME,592475997.5270672
IA,MD,3544891847.634943
IA,MA,772638922.9667873
IA,MI,4459466126.918663
IA,MN,12498474640.811153
IA,MS,1130323464.4995892
IA,MO,7519334076.504293
IA,MT,508249800.05820847
IA,NE,7255108823.173889
IA,NV,299476470.7257004
IA,NH,186134560.19934845
IA,NJ,2322881701.6296034
IA,NM,265097287.6125431
IA,NY,2370949013.426962
IA,NC,2780549005.2238603
IA,ND,2064293423.9891071
IA,OH,4380396481.1004715
IA,OK,1337243075.4976501
IA,OR,1034595559.9363918
IA,PA,4559109393.389608
IA,RI,76786930.66996384
IA,SC,867620682.0425758
IA,SD,3169325944.909913
IA,TN,1692546552.9795372
IA,TX,10581801061.470186
IA,UT,806177322.7423506
IA,VT,128162472.53190136
IA,VA,2609912642.55262
IA,RoW,13769949824.879124
IA,WA,2201112687.6633883
IA,WV,203907282.55496788
IA,WI,6869305319.040861
IA,WY,330526283.7719784
ID,AL,226900238.8317852
ID,AK,766856459.0238323
ID,AZ,464743082.39779854
ID,AR,45189326.42737579
ID,CA,4201538623.642152
ID,CO,830025250.8600583
ID,CT,36992223.396160126
ID,DE,24231465.2110672
ID,DC,6651658.4574661255
ID,FL,532352747.38491917
ID,GA,482374577.544968
ID,HI,11830114.05995369
ID,IL,1185953573.106255
ID,IN,277540502.81152725
ID,IA,241186169.11522102
ID,KS,222670495.08010292
ID,KY,147961983.32679868
ID,LA,432879360.4190941
ID,ME,5750385.420213699
ID,MD,153657990.4833182
ID,MA,170784602.75120163
ID,MI,343715603.1327915
ID,MN,271399934.11673737
ID,MS,22507585.555351257
ID,MO,439294785.03545666
ID,MT,996158385.8644867
ID,NE,132164088.82633841
ID,NV,561163377.7671208
ID,NH,28984169.179546356
ID,NJ,178690952.25611687
ID,NM,174263800.7897086
ID,NY,631664020.4515285
ID,NC,290894342.2685728
ID,ND,81578771.73131275
ID,OH,496304465.782671
ID,OK,173742142.87800407
ID,OR,1876918020.9226336
ID,PA,614637042.2533463
ID,RI,3605474.0601615906
ID,SC,70640753.92836952
ID,SD,64602988.07844353
ID,TN,460199963.51885796
ID,TX,1784662106.1163378
ID,UT,2855577545.301924
ID,VT,8331467.794464111
ID,VA,174294473.79070663
ID,RoW,4126958030.9250593
ID,WA,3402547628.320775
ID,WV,87023403.36906433
ID,WI,1312398656.9672165
ID,WY,357875947.378747
IL,AL,5016961067.466475
IL,AK,164065720.81333733
IL,AZ,3682342526.541374
IL,AR,3300671381.8046236
IL,CA,24339748322.98754
IL,CO,4545006641.914111
IL,CT,2851287986.8033056
IL,DE,673144804.7043209
IL,DC,382133866.985404
IL,FL,13697034735.568195
IL,GA,10790725533.192429
IL,HI,433026418.24705696
IL,ID,748140362.2053242
IL,IN,55369018953.03595
IL,IA,16332747054.239458
IL,KS,5623764743.553556
IL,KY,12527567781.867096
IL,LA,15967150246.21566
IL,ME,521322101.6907692
IL,MD,5477297764.310776
IL,MA,3787356093.245071
IL,MI,34929718930.523796
IL,MN,14272568424.754475
IL,MS,3160717452.5300417
IL,MO,21447171004.397446
IL,MT,2329208464.779888
IL,NE,4804707757.965771
IL,NV,3003611564.68909
IL,NH,1586731284.2311668
IL,NJ,6664263071.038627
IL,NM,954816872.4850397
IL,NY,12066272485.99207
IL,NC,8259022913.79217
IL,ND,4106053813.6968474
IL,OH,25784082169.00279
IL,OK,2889839889.938539
IL,OR,1955754921.3113303
IL,PA,12553675726.829256
IL,RI,410379194.7502537
IL,SC,3194592527.3552685
IL,SD,1476098822.7109175
IL,TN,9888788774.153898
IL,TX,28962027727.077946
IL,UT,2024092959.557869
IL,VT,495214158.9479523
IL,VA,9970398843.797295
IL,RoW,67596108178.97964
IL,WA,5125882273.859491
IL,WV,745941521.8991508
IL,WI,48042509009.23053
IL,WY,744737494.5219145
IN,AL,4276494227.4760437
IN,AK,275651026.12418556
IN,AZ,2260976322.752448
IN,AR,1784105039.0480433
IN,CA,12240435831.315369
IN,CO,2100046154.4222794
IN,CT,1634507134.6601043
IN,DE,1055921083.468113
IN,DC,132947388.375206
IN,FL,11827595937.619953
IN,GA,12713908987.574663
IN,HI,233699801.57517052
IN,ID,363650248.44285107
IN,IL,32568479097.883682
IN,IA,5699117785.226304
IN,KS,1723449292.9155178
IN,KY,17347665661.291306
IN,LA,3356554154.1228075
IN,ME,372658380.9077873
IN,MD,3890972780.2612925
IN,MA,2657869010.2990217
IN,MI,34790657497.990654
IN,MN,4555357723.183821
IN,MS,2157987737.375987
IN,MO,6935615335.055012
IN,MT,426288995.2000828
IN,NE,1598227616.741478
IN,NV,729757359.9203558
IN,NH,972527975.9969234
IN,NJ,4248968709.4819107
IN,NM,430117704.0782385
IN,NY,9864643729.67852
IN,NC,8700429716.970055
IN,ND,1271203705.6363068
IN,OH,36147817961.509346
IN,OK,1811431366.278314
IN,OR,1169846541.4914894
IN,PA,8483192533.616688
IN,RI,376823173.697773
IN,SC,3460719678.786461
IN,SD,423891038.43585014
IN,TN,8845763871.2309
IN,TX,21875901213.85198
IN,UT,908586033.5402346
IN,VT,226707435.55210495
IN,VA,3800204757.1460524
IN,RoW,40960398216.66211
IN,WA,2544262431.3310637
IN,WV,1689109181.052
IN,WI,8335836390.614783
IN,WY,190123191.8898735
KS,AL,576572940.9648628
KS,AK,384912959.1194782
KS,AZ,1131366105.0368128
KS,AR,1307936365.7746582
KS,CA,6969596188.993153
KS,CO,3930945105.0053415
KS,CT,369358034.67573667
KS,DE,115637775.33538437
KS,DC,27996982.271686554
KS,FL,4282464573.7936797
KS,GA,3854182553.5494423
KS,HI,40367645.89993191
KS,ID,408614231.9943485
KS,IL,8050274742.917628
KS,IN,1724341450.0669441
KS,IA,3276231032.1854906
KS,KY,781708044.3601766
KS,LA,1402334966.2108526
KS,ME,170596862.9122591
KS,MD,1122307120.0529032
KS,MA,1054166783.1055851
KS,MI,2419201535.362694
KS,MN,1967001633.887113
KS,MS,685486332.8316045
KS,MO,14970552465.043844
KS,MT,348465460.88151026
KS,NE,5002656700.035152
KS,NV,410723793.0609498
KS,NH,114082763.41598988
KS,NJ,1704790289.8904366
KS,NM,389898919.4697685
KS,NY,2650346216.1975784
KS,NC,1859713072.4497926
KS,ND,519961824.9578819
KS,OH,2525852667.9272776
KS,OK,6019914522.798418
KS,OR,591507048.9761825
KS,PA,2707374523.3208094
KS,RI,42376092.41300297
KS,SC,908893142.1554937
KS,SD,424810615.1253643
KS,TN,2211663317.899627
KS,TX,11849415246.519588
KS,UT,528935990.4091444
KS,VT,81355665.47402
KS,VA,957013205.8690276
KS,RoW,11611416798.17585
KS,WA,7366248222.86447
KS,WV,91059494.83557034
KS,WI,2093983164.7763414
KS,WY,369075013.99816513
KY,AL,3712414999.736143
KY,AK,72427633.9304161
KY,AZ,1314928885.3655138
KY,AR,1014580616.3347845
KY,CA,8559762401.366727
KY,CO,1080238323.4468718
KY,CT,1120858102.6901407
KY,DE,333559834.1901617
KY,DC,145851575.20617294
KY,FL,8102173146.141857
KY,GA,5998140550.414475
KY,HI,87587645.0778284
KY,ID,138870637.08040237
KY,IL,9277316865.318869
KY,IN,13307204843.15787
KY,IA,1412486537.482852
KY,KS,1382061881.7810616
KY,LA,3033257028.823305
KY,ME,604663466.8356667
KY,MD,1842148297.9003286
KY,MA,2169340850.9068437
KY,MI,9667405377.470488
KY,MN,1953492551.303893
KY,MS,2674253288.3054495
KY,MO,6458988318.294303
KY,MT,234421339.43121243
KY,NE,1408307184.925167
KY,NV,790313730.60501
KY,NH,728683415.5143943
KY,NJ,3416532411.0026736
KY,NM,277785879.2599888
KY,NY,3938130359.6694837
KY,NC,5021963331.092398
KY,ND,1342316130.0932064
KY,OH,15272200707.240095
KY,OK,876393657.068963
KY,OR,856780957.5934649
KY,PA,7154496161.38718
KY,RI,121041649.27286434
KY,SC,3418081273.038747
KY,SD,176566578.04077178
KY,TN,17449146577.42244
KY,TX,13665737913.354208
KY,UT,668396222.6364121
KY,VT,111289502.56236744
KY,VA,4347473122.287245
KY,RoW,32417067974.505245
KY,WA,2234976148.2460604
KY,WV,5048373147.913036
KY,WI,3160463809.8845153
KY,WY,310521834.1541363
LA,AL,3115758938.6076627
LA,AK,50224526.300582886
LA,AZ,636714590.5591164
LA,AR,1836429833.3395247
LA,CA,4713868740.405127
LA,CO,428866425.2195568
LA,CT,1508787762.9263077
LA,DE,245848289.07886314
LA,DC,66678904.2711525
LA,FL,8672893658.368513
LA,GA,5759035087.569825
LA,HI,3692685.2126750946
LA,ID,87758503.93188286
LA,IL,5602122233.308346
LA,IN,1137829741.6221566
LA,IA,1853249995.2090816
LA,KS,721848404.5382338
LA,KY,1779072848.3656723
LA,ME,48982992.893880844
LA,MD,386387368.0169554
LA,MA,441162571.7966862
LA,MI,1838111859.3902974
LA,MN,1299940459.7280667
LA,MS,12318713360.235445
LA,MO,1499749969.1609683
LA,MT,80227346.0855875
LA,NE,597833311.1557703
LA,NV,232452616.5413494
LA,NH,35289638.40594101
LA,NJ,1671446940.8568187
LA,NM,363708381.17593575
LA,NY,1088345306.593361
LA,NC,1644813335.7131147
LA,ND,451957882.4312315
LA,OH,4027898472.0197206
LA,OK,1247269648.2297354
LA,OR,463534791.32101583
LA,PA,2763457956.3021803
LA,RI,36119862.82795334
LA,SC,2211020227.6187544
LA,SD,40922974.11798477
LA,TN,4625927077.607811
LA,TX,35294990633.7217
LA,UT,335401507.4808656
LA,VT,18376678.169834137
LA,VA,2317534849.0780582
LA,RoW,58263652455.86494
LA,WA,359978736.1044321
LA,WV,452637075.1115322
LA,WI,725023874.0109314
LA,WY,104789743.13021088
MA,AL,1525410124.5189314
MA,AK,127062271.80889511
MA,AZ,1850568149.078189
MA,AR,350323594.33506966
MA,CA,10725453320.981548
MA,CO,1659425842.6232643
MA,CT,14325006231.039108
MA,DE,407233960.9125347
MA,DC,350573863.71728516
MA,FL,6187683924.093239
MA,GA,2901712973.1984534
MA,HI,1351563113.2104495
MA,ID,123794436.11198807
MA,IL,3642690541.922295
MA,IN,3188260308.9279466
MA,IA,756699508.4120159
MA,KS,497851978.50260353
MA,KY,1358429770.3479662
MA,LA,950979373.984211
MA,ME,6623903488.332511
MA,MD,2338526826.7280426
MA,MI,2476499266.8157105
MA,MN,1473629296.197638
MA,MS,649636543.4316807
MA,MO,921002729.1238422
MA,MT,323688924.63303566
MA,NE,361890187.34085274
MA,NV,673268814.0174618
MA,NH,19874380553.700783
MA,NJ,5936091964.590617
MA,NM,200641015.77000427
MA,NY,28516657622.022675
MA,NC,3835430822.7339587
MA,ND,103008491.93855286
MA,OH,4510279076.050729
MA,OK,571080401.0666761
MA,OR,706674043.228735
MA,PA,5880755298.773655
MA,RI,5104452787.52816
MA,SC,1302122796.2706432
MA,SD,162183143.7211094
MA,TN,3406660172.0658193
MA,TX,9413704545.375996
MA,UT,603379189.1298504
MA,VT,2934796554.828979
MA,VA,2802779275.061722
MA,RoW,29316877952.319557
MA,WA,1838385887.3905993
MA,WV,659543641.9533663
MA,WI,1415713779.865027
MA,WY,887054826.3699703
MD,AL,1011330488.3722076
MD,AK,149511781.51883793
MD,AZ,657986537.9462757
MD,AR,161772742.70285225
MD,CA,6195679699.697037
MD,CO,473060353.17298603
MD,CT,1862193966.812008
MD,DE,2792358391.5482206
MD,DC,4393552792.720841
MD,FL,4047949839.7012053
MD,GA,1603151449.2048006
MD,HI,34682255.23633957
MD,ID,58896536.31587601
MD,IL,2770299510.6285086
MD,IN,1333775068.3675814
MD,IA,560098468.8485651
MD,KS,416202594.9687271
MD,KY,1320634111.8653612
MD,LA,303344167.7438526
MD,ME,394471543.02288437
MD,MA,2880414424.6868563
MD,MI,2171055674.0741262
MD,MN,485885187.6919117
MD,MS,888195184.4359522
MD,MO,774310755.7373619
MD,MT,70282327.72169685
MD,NE,527431301.60480404
MD,NV,220644090.79256248
MD,NH,620120583.6433239
MD,NJ,5705903415.099037
MD,NM,25363141.686327934
MD,NY,8099959746.838955
MD,NC,2780920305.0478573
MD,ND,225749482.09309578
MD,OH,2607838237.219884
MD,OK,508700026.2722683
MD,OR,227911599.70015717
MD,PA,13650651802.153332
MD,RI,401269644.2202492
MD,SC,936480419.4369497
MD,SD,13630701.774856567
MD,TN,928323939.747201
MD,TX,4261515650.842513
MD,UT,454918583.7220173
MD,VT,241216012.44096184
MD,VA,17487091430.931976
MD,RoW,9807755721.633299
MD,WA,804352470.4667301
MD,WV,1162896281.085536
MD,WI,859594907.1690435
MD,WY,17853672.861665726
ME,AL,94749812.11835575
ME,AK,14433345.243526459
ME,AZ,161846490.2702055
ME,AR,62719584.81813049
ME,CA,723309191.4647241
ME,CO,90780023.12945843
ME,CT,1068836263.3683405
ME,DE,13019546.966893196
ME,DC,14581376.885213852
ME,FL,421632401.8530531
ME,GA,295679629.96269226
ME,HI,22562655.838962555
ME,ID,8714076.257119179
ME,IL,405941116.46511173
ME,IN,337249977.68239594
ME,IA,40472551.6859436
ME,KS,45971303.48010063
ME,KY,131090073.48551655
ME,LA,26143673.91543579
ME,MD,148614921.10442972
ME,MA,4365378949.002081
ME,MI,438540995.4721165
ME,MN,135327798.72412014
ME,MS,58943973.58714104
ME,MO,92081390.58958054
ME,MT,9947642.027334213
ME,NE,38255058.621816635
ME,NV,45322527.95914841
ME,NH,2626926845.947785
ME,NJ,1149507127.5151625
ME,NM,17789930.0730381
ME,NY,2184337490.5264
ME,NC,409079487.51519966
ME,ND,19953753.315781593
ME,OH,296713826.2760143
ME,OK,41011667.092972755
ME,OR,127938336.49632359
ME,PA,1398384996.49541
ME,RI,500743444.9075279
ME,SC,159865247.7787056
ME,SD,19071196.68782425
ME,TN,461041216.69979525
ME,TX,436354506.3067403
ME,UT,106321501.68047047
ME,VT,625265468.7552633
ME,VA,350055018.9262829
ME,RoW,3034454105.990793
ME,WA,109623144.44404602
ME,WV,30330153.325548172
ME,WI,374111339.6122389
ME,WY,9246451.054712296
MI,AL,3790182591.197402
MI,AK,202634536.50152302
MI,AZ,3392009634.470441
MI,AR,2763089699.7414474
MI,CA,18198204836.9126
MI,CO,2015018809.6971326
MI,CT,1768740600.7828846
MI,DE,631887959.8495178
MI,DC,77934644.91099358
MI,FL,8381784032.2256
MI,GA,5366264340.17859
MI,HI,102879610.29062653
MI,ID,589748979.1740884
MI,IL,26606783858.246838
MI,IN,22156238072.186867
MI,IA,4627215756.573292
MI,KS,1656205137.617683
MI,KY,10349310540.642498
MI,LA,1634345988.4377632
MI,ME,562696735.1586761
MI,MD,4599027453.379581
MI,MA,3307800374.248719
MI,MN,6609913135.264938
MI,MS,2148845561.6748962
MI,MO,7167446640.960186
MI,MT,921735191.393981
MI,NE,937451665.1407188
MI,NV,1197597091.1933231
MI,NH,613935598.629591
MI,NJ,5334795641.789798
MI,NM,1130969931.1606407
MI,NY,9578726878.151905
MI,NC,5922568775.763148
MI,ND,1245103833.5693188
MI,OH,31330005537.7171
MI,OK,2236882531.6326785
MI,OR,1350049448.674285
MI,PA,9622196939.099947
MI,RI,124371215.62602043
MI,SC,10801342341.628757
MI,SD,341523497.8597269
MI,TN,11530905269.950567
MI,TX,27547272080.279087
MI,UT,1528456954.644285
MI,VT,229288494.70488358
MI,VA,3245624333.3693843
MI,RoW,61689818833.543564
MI,WA,2821297152.8968296
MI,WV,1240555305.6933575
MI,WI,8371928724.920596
MI,WY,221347168.8049965
MN,AL,1368572087.871563
MN,AK,158353762.0150051
MN,AZ,1769475713.6669242
MN,AR,623580609.9389307
MN,CA,11877332913.69038
MN,CO,2327613443.7416987
MN,CT,935974831.3698578
MN,DE,1263429562.4991379
MN,DC,81906365.75578141
MN,FL,6639426864.111546
MN,GA,2253882431.641843
MN,HI,92829952.70872116
MN,ID,609498123.5860901
MN,IL,14270309587.686594
MN,IN,4520893195.413867
MN,IA,9564158456.969051
MN,KS,1867595668.6537018
MN,KY,3314121593.468977
MN,LA,3036617024.2231627
MN,ME,262941984.87563038
MN,MD,1460441261.677773
MN,MA,3735326516.621114
MN,MI,5177888071.778881
MN,MS,883927147.7133939
MN,MO,3077971790.225741
MN,MT,671368815.3873496
MN,NE,2508153604.125009
MN,NV,1008727659.3535137
MN,NH,624637058.6615939
MN,NJ,4526875986.168222
MN,NM,822758306.0971465
MN,NY,4671929631.912081
MN,NC,2042509249.3598595
MN,ND,6715043743.746275
MN,OH,4674935683.96028
MN,OK,953860121.6200829
MN,OR,1228207534.3563595
MN,PA,4197892103.1938896
MN,RI,381333579.89275646
MN,SC,1367716622.497404
MN,SD,4727485149.094917
MN,TN,8180669066.657491
MN,TX,9850315829.357048
MN,UT,1263728200.9967756
MN,VT,176791259.5010414
MN,VA,3164582100.1181736
MN,RoW,21824840566.25934
MN,WA,5786741078.866711
MN,WV,315435865.09205055
MN,WI,21272907837.051147
MN,WY,200420728.5715046
MO,AL,1331337197.3835146
MO,AK,31388876.474700928
MO,AZ,2264864301.3331356
MO,AR,6165861586.03561
MO,CA,12152378056.959595
MO,CO,2989782987.095011
MO,CT,1091406685.9114597
MO,DE,250454163.98052883
MO,DC,51992854.12514496
MO,FL,4368886523.119856
MO,GA,4283494291.0063868
MO,HI,329905004.2190571
MO,ID,304853157.5761242
MO,IL,22024002284.853916
MO,IN,6349112172.142132
MO,IA,6174302459.691014
MO,KS,14285353096.880787
MO,KY,4298061241.238319
MO,LA,3074772398.46023
MO,ME,344893932.5205517
MO,MD,7313634333.71809
MO,MA,1086530641.809278
MO,MI,5268308723.611769
MO,MN,3135637422.5550804
MO,MS,1426963550.646106
MO,MT,550773714.0120955
MO,NE,4398698471.550254
MO,NV,1216707791.0562038
MO,NH,196569320.1638317
MO,NJ,6966548256.407053
MO,NM,687414052.6808271
MO,NY,5504625698.627954
MO,NC,3044840608.460705
MO,ND,1261898527.0190282
MO,OH,4437862750.139876
MO,OK,4217033968.25286
MO,OR,1449416112.57411
MO,PA,9821174509.579123
MO,RI,83451086.82129574
MO,SC,1717519412.4557734
MO,SD,696679225.1520395
MO,TN,5645304770.714131
MO,TX,14688373335.214859
MO,UT,1149327223.7975597
MO,VT,164733832.36412907
MO,VA,3756739266.5952888
MO,RoW,14889574911.372976
MO,WA,2172478477.2578835
MO,WV,488945689.4154062
MO,WI,4020780730.895433
MO,WY,222619465.1855507
MS,AL,6875824694.083902
MS,AK,43844811.85013962
MS,AZ,750025890.263596
MS,AR,2957355402.207259
MS,CA,8029730831.163803
MS,CO,1788839023.6833696
MS,CT,297203533.8882783
MS,DE,78998916.30145073
MS,DC,42455286.24015808
MS,FL,6435559654.674554
MS,GA,5267153188.068746
MS,HI,79413391.67803288
MS,ID,167846077.24990845
MS,IL,4371664026.266355
MS,IN,1324980623.4130392
MS,IA,653127431.9111414
MS,KS,523237135.67974186
MS,KY,1035275080.8697472
MS,LA,6767870151.809589
MS,ME,89614034.44207382
MS,MD,361522028.85831356
MS,MA,2460328858.814622
MS,MI,5859227163.7593565
MS,MN,806474336.8191547
MS,MO,3099964331.449102
MS,MT,54668000.63702297
MS,NE,362316280.2744484
MS,NV,382329357.2570553
MS,NH,185730009.19921303
MS,NJ,1731159807.040013
MS,NM,252741992.9339466
MS,NY,1301924851.4496627
MS,NC,2179941830.407713
MS,ND,173143114.46735764
MS,OH,3566635226.47007
MS,OK,3189037513.689184
MS,OR,2333805368.1896715
MS,PA,3320621688.9243116
MS,RI,53451865.364479065
MS,SC,1224785878.7746086
MS,SD,87217392.05314064
MS,TN,8136151217.666237
MS,TX,8400711750.357512
MS,UT,2071611473.4093175
MS,VT,28981468.724243164
MS,VA,4798401997.318341
MS,RoW,11378557728.531378
MS,WA,926911214.6948161
MS,WV,177542248.0527134
MS,WI,954924145.3593855
MS,WY,53470024.69879913
MT,AL,24137751.697841644
MT,AK,26433080.565652847
MT,AZ,94666776.49626684
MT,AR,25730240.940868378
MT,CA,847022908.261581
MT,CO,222457938.06099892
MT,CT,7140261.164505005
MT,DE,6608291.3825035095
MT,DC,729558.7097091675
MT,FL,105048289.29345608
MT,GA,54210117.569458246
MT,HI,7834539.194318771
MT,ID,415060889.58367014
MT,IL,244791909.58705854
MT,IN,118491876.59551191
MT,IA,49081034.40715599
MT,KS,119090894.47739434
MT,KY,19156571.110221863
MT,LA,18632958.12629509
MT,ME,7302458.212976456
MT,MD,66232255.21316147
MT,MA,31025103.110774517
MT,MI,105701983.40737772
MT,MN,430141524.2200825
MT,MS,13698211.031783104
MT,MO,77867478.40363121
MT,NE,139049268.51273155
MT,NV,74922748.64809394
MT,NH,2906204.6084251404
MT,NJ,53921133.52515745
MT,NM,23075582.524528503
MT,NY,169947836.21036482
MT,NC,104152723.47804093
MT,ND,452546433.32975864
MT,OH,140775697.4891498
MT,OK,40551047.90104294
MT,OR,974303037.771255
MT,PA,162873629.3390429
MT,RI,2453678.56489563
MT,SC,18872816.638711452
MT,SD,190859980.99563122
MT,TN,287988153.01265144
MT,TX,376130362.1785495
MT,UT,303231002.9578562
MT,VT,8379384.258682251
MT,VA,37991256.50913334
MT,RoW,1870825657.4949481
MT,WA,2662605818.6621323
MT,WV,49745515.840727806
MT,WI,208598531.65687442
MT,WY,808331373.732647
NC,AL,3729703650.713784
NC,AK,135130975.06145668
NC,AZ,2585571692.366458
NC,AR,2213370824.4641275
NC,CA,14393270615.31369
NC,CO,1741548147.1968412
NC,CT,1473487335.5300343
NC,DE,1388636598.4118452
NC,DC,265643653.05845165
NC,FL,16082503441.503138
NC,GA,19300006633.340897
NC,HI,125636309.88308716
NC,ID,502405935.355525
NC,IL,10889856608.410667
NC,IN,10210956974.150936
NC,IA,1600728823.9846907
NC,KS,1237022637.63933
NC,KY,4511120872.63323
NC,LA,1762425370.245472
NC,ME,777876640.1730461
NC,MD,4443083151.737519
NC,MA,3858509953.7573624
NC,MI,4693943314.464197
NC,MN,3007443717.632877
NC,MS,1756041337.8325894
NC,MO,2815325276.398098
NC,MT,730002035.0458355
NC,NE,680865350.244175
NC,NV,1083769817.1108208
NC,NH,594482632.5856647
NC,NJ,5034629140.672844
NC,NM,379039087.7086253
NC,NY,18732599593.473442
NC,ND,667307662.209898
NC,OH,17315086017.00473
NC,OK,1517575649.900053
NC,OR,2001788434.397256
NC,PA,12021969584.968082
NC,RI,457615249.0517187
NC,SC,30207142733.72717
NC,SD,307453284.6651039
NC,TN,10260242008.811586
NC,TX,16317885556.297594
NC,UT,1041166243.6103773
NC,VT,309600216.9151523
NC,VA,23184178966.228836
NC,RoW,34580694169.55295
NC,WA,3176093549.480315
NC,WV,1450349374.8073854
NC,WI,3201933259.5791483
NC,WY,389700339.0590725
ND,AL,104619676.21611786
ND,AK,7883684.549528122
ND,AZ,180202542.93242836
ND,AR,119899499.13758278
ND,CA,962148169.4687843
ND,CO,220289884.87976074
ND,CT,86446976.15961075
ND,DE,15020900.885757446
ND,DC,23132.799530029297
ND,FL,460015727.11382294
ND,GA,473697868.84597063
ND,HI,159468.99502944946
ND,ID,219285687.11107635
ND,IL,1454494923.5181046
ND,IN,299394038.5621743
ND,IA,872912080.176033
ND,KS,108559412.20866632
ND,KY,118305723.21007872
ND,LA,290316841.06272507
ND,ME,21939517.40473938
ND,MD,160390035.99323654
ND,MA,170346709.93645477
ND,MI,392374770.0493698
ND,MN,7289498732.735037
ND,MS,61583928.822128296
ND,MO,278277404.60606384
ND,MT,585817519.7376318
ND,NE,391646348.2736759
ND,NV,22581787.6864357
ND,NH,2868675.685405731
ND,NJ,363200981.1909418
ND,NM,61994314.91069603
ND,NY,539324362.4466772
ND,NC,258904662.67890358
ND,OH,490892899.9434767
ND,OK,114786817.8043518
ND,OR,915895469.455822
ND,PA,387801258.66561556
ND,RI,1879007.9673843384
ND,SC,37972549.991378784
ND,SD,1562382102.0269842
ND,TN,147786589.29334164
ND,TX,1266664412.9910307
ND,UT,120532327.53634071
ND,VT,70479667.0256958
ND,VA,169998152.5261221
ND,RoW,5897700596.909243
ND,WA,2947625933.589906
ND,WV,5504274.529750824
ND,WI,941370418.7053375
ND,WY,38498441.991292
NE,AL,254069680.64042473
NE,AK,24148106.010967255
NE,AZ,830695344.6416665
NE,AR,987418296.8771238
NE,CA,5495484532.405433
NE,CO,1893981385.1099954
NE,CT,252690042.80148983
NE,DE,37600553.77389145
NE,DC,22648181.365768433
NE,FL,1742580779.446757
NE,GA,1047871526.4856005
NE,HI,60276406.67414665
NE,ID,404683210.3000326
NE,IL,4276578527.4326825
NE,IN,1406145723.7853436
NE,IA,7384371230.898257
NE,KS,4588061627.313697
NE,KY,406480663.83314323
NE,LA,1082524038.7925625
NE,ME,228448020.1980343
NE,MD,616865730.154252
NE,MA,494761750.037241
NE,MI,1477175022.710515
NE,MN,1894798296.3467577
NE,MS,278713003.6170845
NE,MO,2781392394.873638
NE,MT,566865529.4673395
NE,NV,417159187.97278976
NE,NH,17595042.694699287
NE,NJ,858441924.1065708
NE,NM,193836617.2203951
NE,NY,899612774.4594007
NE,NC,1141733208.6049945
NE,ND,1170339279.9853258
NE,OH,1365134656.2101603
NE,OK,736559228.7572894
NE,OR,895486897.7590759
NE,PA,1103528644.2897322
NE,RI,79140430.09862518
NE,SC,288587892.58417654
NE,SD,2240452952.252022
NE,TN,1049314962.9336557
NE,TX,6023585414.128262
NE,UT,669107451.7249861
NE,VT,53302254.400657654
NE,VA,396018821.0676079
NE,RoW,7465749571.804409
NE,WA,1135543971.767251
NE,WV,55728614.12853336
NE,WI,1948285162.471417
NE,WY,439475373.0157566
NH,AL,181238397.00513363
NH,AK,163596802.63752842
NH,AZ,447832319.1612129
NH,AR,161754396.33102036
NH,CA,2430673282.564991
NH,CO,216626554.1510315
NH,CT,1418115428.9752107
NH,DE,321959778.2377796
NH,DC,124400025.90754604
NH,FL,968769042.9345949
NH,GA,906885916.630435
NH,HI,28458122.19692135
NH,ID,93376010.13758469
NH,IL,1309482299.1341403
NH,IN,708384105.2811317
NH,IA,261489826.7679777
NH,KS,134730020.85061884
NH,KY,598823935.6683416
NH,LA,132009596.58609867
NH,ME,2239303733.657571
NH,MD,1107065596.9846601
NH,MA,7655535161.117171
NH,MI,728894107.4097805
NH,MN,462611298.614696
NH,MS,127252441.27236462
NH,MO,279874637.1870887
NH,MT,52313220.260635376
NH,NE,88318827.99490547
NH,NV,83751117.51253605
NH,NJ,1853911022.1457298
NH,NM,67158285.87095451
NH,NY,3400413778.6585593
NH,NC,691026627.1742525
NH,ND,34759942.4072361
NH,OH,1058909136.6309848
NH,OK,91353817.36353493
NH,OR,183372452.02519035
NH,PA,1104292479.3417618
NH,RI,898454853.686986
NH,SC,281686542.46140385
NH,SD,15187980.46177864
NH,TN,440137996.85660005
NH,TX,2535576784.6249514
NH,UT,173822695.283041
NH,VT,1231991465.4080353
NH,VA,418289180.29419994
NH,RoW,5372159325.557152
NH,WA,280630971.76931
NH,WV,44750181.20918846
NH,WI,369153105.19197273
NH,WY,38361925.14319801
NJ,AL,1581881433.1394472
NJ,AK,227476578.78708267
NJ,AZ,2232129974.550803
NJ,AR,1599737760.2734447
NJ,CA,15648949698.36568
NJ,CO,1409350749.555056
NJ,CT,9027868687.398148
NJ,DE,3894809256.930083
NJ,DC,726369547.0137596
NJ,FL,13091667114.533825
NJ,GA,6167797459.59584
NJ,HI,482743192.4760444
NJ,ID,401213940.70046425
NJ,IL,8958332031.882294
NJ,IN,5409719492.104658
NJ,IA,1084447644.8528624
NJ,KS,1169659966.1778736
NJ,KY,3498891506.007209
NJ,LA,1918406737.522129
NJ,ME,1229073469.9521475
NJ,MD,15124209065.323818
NJ,MA,11338493421.603312
NJ,MI,4620463616.727777
NJ,MN,1885649706.3838246
NJ,MS,4531671816.768196
NJ,MO,2562304469.090828
NJ,MT,763981049.497633
NJ,NE,630249722.6509838
NJ,NV,1031634431.341672
NJ,NH,1992968914.0791504
NJ,NM,252720033.07079816
NJ,NY,78019106120.25935
NJ,NC,9431641623.818272
NJ,ND,431256124.3132725
NJ,OH,14350989199.104822
NJ,OK,1143054342.6792195
NJ,OR,1906797430.38562
NJ,PA,47515489508.37826
NJ,RI,1203348397.575634
NJ,SC,3982100260.3046813
NJ,SD,222229933.96853065
NJ,TN,5525394906.003172
NJ,TX,13406671804.251303
NJ,UT,1318983692.9023933
NJ,VT,1650708736.17585
NJ,VA,8360987064.416125
NJ,RoW,36144501240.51635
NJ,WA,2187823255.523817
NJ,WV,1047920325.1878252
NJ,WI,2255861344.1559362
NJ,WY,235089154.51779366
NM,AL,115667041.84595251
NM,AK,34589717.1582489
NM,AZ,716806773.5219383
NM,AR,10503452.346054077
NM,CA,2262968243.3455586
NM,CO,1211527623.0022116
NM,CT,103379605.36928844
NM,DE,1700975.13808918
NM,DC,3534096.4665374756
NM,FL,404852313.6269407
NM,GA,113170343.74790955
NM,HI,8917487.21979618
NM,ID,75757370.53960228
NM,IL,335339134.8019104
NM,IN,81869581.26443863
NM,IA,11667852.333266258
NM,KS,160452350.48931503
NM,KY,147739443.82434464
NM,LA,31345360.457530975
NM,ME,9570187.278234482
NM,MD,44768607.0814476
NM,MA,97588281.92622185
NM,MI,139150751.49699736
NM,MN,129581642.09723473
NM,MS,50719543.230591774
NM,MO,472765906.6043811
NM,MT,21967113.46099472
NM,NE,46720308.76535416
NM,NV,41050956.13737488
NM,NH,15969898.951530457
NM,NJ,63547936.99342346
NM,NY,149682185.03186464
NM,NC,48159286.93313217
NM,ND,14300313.075754166
NM,OH,202644937.40938377
NM,OK,41039276.499736786
NM,OR,696689466.5942612
NM,PA,202488376.85262966
NM,RI,3515940.5301570892
NM,SC,37432352.73777962
NM,SD,12850423.677703857
NM,TN,670958123.9693832
NM,TX,4754613722.509102
NM,UT,170949329.71562862
NM,VT,11734811.561653137
NM,VA,58538055.70521927
NM,RoW,3708768146.2983227
NM,WA,61228317.02536774
NM,WV,13849461.557861328
NM,WI,332741515.11195946
NM,WY,92378186.05350494
NV,AL,122387639.54170036
NV,AK,307352110.652061
NV,AZ,1767337415.2384691
NV,AR,86837160.7770052
NV,CA,16557306696.967394
NV,CO,1003766066.7227592
NV,CT,89496594.67887688
NV,DE,73415629.73926544
NV,DC,17629299.89099884
NV,FL,1127129080.9509509
NV,GA,595719006.3266311
NV,HI,115990986.34604836
NV,ID,400153383.0878887
NV,IL,485685708.976166
NV,IN,171789142.36667728
NV,IA,218559931.15915585
NV,KS,286797367.4793267
NV,KY,300154041.4161625
NV,LA,113773003.29596424
NV,ME,46313022.00738907
NV,MD,282385802.0554404
NV,MA,298310251.4581175
NV,MI,613389884.4726987
NV,MN,233858528.61584187
NV,MS,189477445.69356823
NV,MO,205879956.80932045
NV,MT,430486517.1448214
NV,NE,89649371.17634201
NV,NH,123706642.58085155
NV,NJ,260336672.7402376
NV,NM,182738746.78179455
NV,NY,598071482.1317047
NV,NC,293659588.8455162
NV,ND,81703926.39382744
NV,OH,514115322.7279872
NV,OK,350507408.5591588
NV,OR,1191536151.7509654
NV,PA,746658982.766799
NV,RI,4732070.525808334
NV,SC,144366029.45116997
NV,SD,45489399.03011322
NV,TN,405237027.9250188
NV,TX,3098595973.7085266
NV,UT,2167842834.0218883
NV,VT,23983824.37821579
NV,VA,268784262.645453
NV,RoW,12749320186.081669
NV,WA,1990771345.214926
NV,WV,49450395.38513374
NV,WI,433352448.57968664
NV,WY,137077771.05116558
NY,AL,3141587936.0172405
NY,AK,449493995.93951607
NY,AZ,2832184747.901641
NY,AR,1627905728.8657854
NY,CA,23306827424.297043
NY,CO,2415207617.6135406
NY,CT,11168287385.47269
NY,DE,1372922425.257784
NY,DC,354683158.2008252
NY,FL,14181362427.058964
NY,GA,6914237440.689697
NY,HI,388687132.9580202
NY,ID,971840009.4703045
NY,IL,11071050177.042894
NY,IN,5624197251.174534
NY,IA,1952383430.3352017
NY,KS,1171830513.0287733
NY,KY,10264735502.92059
NY,LA,1419921462.3573446
NY,ME,2169012369.9278717
NY,MD,4995396817.247871
NY,MA,15581540588.012241
NY,MI,7417834659.159168
NY,MN,2868603257.6881285
NY,MS,5307338308.393603
NY,MO,2957405970.7317643
NY,MT,484281198.932665
NY,NE,565866473.7944124
NY,NV,1592160893.4520593
NY,NH,2996166017.496789
NY,NJ,50635456803.16418
NY,NM,542867713.9481342
NY,NC,7221400396.107885
NY,ND,971969402.4222162
NY,OH,14458921621.891438
NY,OK,2139050149.3637736
NY,OR,2646221641.0057416
NY,PA,32068917468.334633
NY,RI,1911556104.1763806
NY,SC,4174072299.5477767
NY,SD,291774300.30928755
NY,TN,6262077634.541288
NY,TX,19147503305.070515
NY,UT,1398034006.6165648
NY,VT,3585381875.1644697
NY,VA,5576700259.366413
NY,RoW,80960415706.10913
NY,WA,3674728701.726673
NY,WV,877664256.1605945
NY,WI,3917154123.637985
NY,WY,165047677.40204525
OH,AL,5007446959.106696
OH,AK,169240639.26171303
OH,AZ,2294906891.9360733
OH,AR,2092062474.7102776
OH,CA,16925491463.240396
OH,CO,2607417557.912819
OH,CT,2684937133.1983347
OH,DE,591571488.4178867
OH,DC,298774542.1633997
OH,FL,10106428087.32193
OH,GA,10185690465.921627
OH,HI,424435582.52952385
OH,ID,331978099.5589218
OH,IL,27161536205.60187
OH,IN,34149859888.923943
OH,IA,3046743545.0436354
OH,KS,4674375101.557651
OH,KY,23108901153.935257
OH,LA,2725593664.82243
OH,ME,1051034755.4656725
OH,MD,6103648520.619303
OH,MA,3867083834.1911736
OH,MI,41374696380.06886
OH,MN,4862406264.476501
OH,MS,2734606782.584076
OH,MO,6979649767.629365
OH,MT,1537493694.330472
OH,NE,1864130801.867239
OH,NV,826286376.8396149
OH,NH,1058724642.7930632
OH,NJ,9357224343.902786
OH,NM,682348537.9654045
OH,NY,13418165230.715054
OH,NC,8966673201.585754
OH,ND,1205363884.8486326
OH,OK,4800459136.724827
OH,OR,1372848297.2429876
OH,PA,30476503814.133045
OH,RI,405094086.15528584
OH,SC,4276949815.2749596
OH,SD,395481762.2051902
OH,TN,11100709836.739023
OH,TX,22556792258.935913
OH,UT,1589987451.1153226
OH,VT,267851042.96841812
OH,VA,9990796040.514727
OH,RoW,50944989749.385345
OH,WA,3412985195.485755
OH,WV,7186463937.279906
OH,WI,8804020154.762484
OH,WY,176926281.9193821
OK,AL,827325530.0270195
OK,AK,14475212.665203094
OK,AZ,1017094018.6391175
OK,AR,3334542859.394374
OK,CA,5168703710.613575
OK,CO,1650590430.6741037
OK,CT,168526675.46307564
OK,DE,89060755.7867322
OK,DC,3912326.0487480164
OK,FL,1668930653.9357748
OK,GA,1368542318.5830138
OK,HI,33130532.50474167
OK,ID,219624465.6390705
OK,IL,2368219595.4399858
OK,IN,872053436.4302654
OK,IA,859604298.6113801
OK,KS,4134778450.3694277
OK,KY,529294532.3808632
OK,LA,2336158495.9206944
OK,ME,316377838.8315487
OK,MD,493849766.51866436
OK,MA,238425509.21917534
OK,MI,1508826609.859772
OK,MN,702527568.0143175
OK,MS,525928906.6159649
OK,MO,2327082795.817128
OK,MT,452773436.90450335
OK,NE,648885343.5471001
OK,NV,295306138.55742645
OK,NH,64915640.14578819
OK,NJ,767919777.7552919
OK,NM,719582611.3001528
OK,NY,1160233167.6940901
OK,NC,1112112233.5825567
OK,ND,393716911.49158
OK,OH,1541864278.8500307
OK,OR,404008941.6700306
OK,PA,1629190317.1354291
OK,RI,7941911.9643268585
OK,SC,695323523.6044312
OK,SD,87093751.71451569
OK,TN,1580403542.2814095
OK,TX,25468737153.62122
OK,UT,329708362.14705753
OK,VT,143558165.4241104
OK,VA,561407022.4065142
OK,RoW,5498608078.530248
OK,WA,1771470847.5659046
OK,WV,210528888.47737885
OK,WI,889578809.0618548
OK,WY,349048949.0633869
OR,AL,748628155.2380929
OR,AK,465358883.33772945
OR,AZ,2416982208.583021
OR,AR,75706603.42825985
OR,CA,16174057550.627296
OR,CO,1068995697.886179
OR,CT,503552785.19067097
OR,DE,27586007.12023449
OR,DC,21774049.92641449
OR,FL,1403760462.1300738
OR,GA,934575224.8298368
OR,HI,297992214.2107449
OR,ID,3386891274.0513678
OR,IL,2251702733.6381335
OR,IN,868193146.1811962
OR,IA,595884355.772999
OR,KS,325611122.1622858
OR,KY,655115837.2932701
OR,LA,358973974.5889044
OR,ME,139572156.8805027
OR,MD,535041464.48384666
OR,MA,713269725.8684082
OR,MI,1007000625.0737199
OR,MN,865361017.948566
OR,MS,229857184.0133295
OR,MO,775719987.3333526
OR,MT,1400872302.2020433
OR,NE,187180893.52488407
OR,NV,1019770564.04091
OR,NH,59229024.21163559
OR,NJ,821528335.8681812
OR,NM,235320214.14160728
OR,NY,1574148870.7188735
OR,NC,1082889680.4895892
OR,ND,268216170.2735122
OR,OH,1454312531.6457005
OR,OK,343716460.40528965
OR,PA,1156153018.327125
OR,RI,14159406.815579414
OR,SC,552163670.6085081
OR,SD,135342547.65779904
OR,TN,5351670765.963755
OR,TX,3073951801.369931
OR,UT,1460583641.1608906
OR,VT,83802970.7743721
OR,VA,698265074.8759308
OR,RoW,22481494502.63665
OR,WA,29528176037.56655
OR,WV,98469878.10006142
OR,WI,711503973.5543311
OR,WY,196405956.3091054
PA,AL,2773948945.228465
PA,AK,818819370.45681
PA,AZ,2988071491.6277657
PA,AR,1576977272.8602684
PA,CA,15770752079.239002
PA,CO,4102471419.0411863
PA,CT,7680324044.268772
PA,DE,4494823650.513188
PA,DC,1302270526.1725998
PA,FL,12854285985.769186
PA,GA,9105451693.588501
PA,HI,295603118.15608215
PA,ID,699022702.1143868
PA,IL,12309071842.76161
PA,IN,10188460637.76562
PA,IA,2488271963.075226
PA,KS,1920934498.710247
PA,KY,6971075295.488716
PA,LA,1639351098.788358
PA,ME,4465197746.902702
PA,MD,22765779463.828663
PA,MA,12127258928.86194
PA,MI,8676017130.966286
PA,MN,2468746260.9047847
PA,MS,5607611932.180616
PA,MO,5265185534.416167
PA,MT,834197641.5935507
PA,NE,1142588390.2856178
PA,NV,1153311348.229516
PA,NH,2552033378.9026294
PA,NJ,58415974416.93119
PA,NM,394525832.8691349
PA,NY,65170616370.35113
PA,NC,13094468546.77259
PA,ND,514015600.5398445
PA,OH,34630796515.98372
PA,OK,2228791915.725634
PA,OR,1601151786.4814625
PA,RI,1121962961.7175202
PA,SC,7628423773.183902
PA,SD,465952455.3188529
PA,TN,5324617261.540135
PA,TX,16481256276.490257
PA,UT,2597615746.9376945
PA,VT,1254033307.0051203
PA,VA,17057149077.20958
PA,RoW,40929832433.29468
PA,WA,3358904882.393087
PA,WV,11525235387.861052
PA,WI,4231808520.112489
PA,WY,374384032.8597717
RI,AL,383590572.0300379
RI,AK,53946300.42206383
RI,AZ,339694198.4513531
RI,AR,164495508.0549698
RI,CA,1084136319.5337315
RI,CO,177516407.44637108
RI,CT,4600785722.388283
RI,DE,26225655.54853058
RI,DC,17390788.75692749
RI,FL,1141835530.4020395
RI,GA,484356988.25847244
RI,HI,25020839.79984188
RI,ID,29852555.146427155
RI,IL,666756840.9711118
RI,IN,282232659.7499304
RI,IA,123035669.80154228
RI,KS,109238592.63326645
RI,KY,263408018.42619705
RI,LA,146671262.53044128
RI,ME,541599975.4105091
RI,MD,256879695.17222023
RI,MA,12588636874.277369
RI,MI,491360629.35098267
RI,MN,178355536.6787567
RI,MS,42411542.46826553
RI,MO,220594836.1131878
RI,MT,28803023.93369484
RI,NE,78115298.40109634
RI,NV,47841778.56198311
RI,NH,1250669642.7558813
RI,NJ,1609785239.984519
RI,NM,189018333.44906998
RI,NY,2463418157.935038
RI,NC,375566752.63734674
RI,ND,21246212.8664093
RI,OH,933521029.8963976
RI,OK,78953065.00476074
RI,OR,247640277.80281448
RI,PA,966880945.3404217
RI,SC,324114870.10497
RI,SD,62569347.70839691
RI,TN,287190631.9609928
RI,TX,1557951174.2910404
RI,UT,191852062.64787102
RI,VT,508203015.6507416
RI,VA,546516451.1300716
RI,RoW,2504646042.499013
RI,WA,179503138.57478285
RI,WV,22003200.895626068
RI,WI,320414391.4980602
RI,WY,16282396.868473053
RoW,AL,22044554682.588676
RoW,AK,1697894134.3097248
RoW,AZ,18884778574.082153
RoW,AR,9225232787.105896
RoW,CA,434368502098.8573
RoW,CO,10857368561.528542
RoW,CT,16671901470.38424
RoW,DE,7551006080.988074
RoW,DC,468637169.07030904
RoW,FL,72288006100.79419
RoW,GA,90417542488.44815
RoW,HI,7310512730.426067
RoW,ID,5501678178.401897
RoW,IL,129099157338.39243
RoW,IN,59118909228.6131
RoW,IA,8993254973.9065
RoW,KS,11604256483.291626
RoW,KY,48029143286.71881
RoW,LA,37182856589.62978
RoW,ME,2857274727.4854045
RoW,MD,32231852032.006413
RoW,MA,33329385765.6171
RoW,MI,138051416047.70734
RoW,MN,29856139400.809303
RoW,MS,17361602872.03576
RoW,MO,17944715195.725845
RoW,MT,4447927162.990788
RoW,NE,3687151223.7315764
RoW,NV,12121724202.049839
RoW,NH,11246153516.466087
RoW,NJ,111818232174.02042
RoW,NM,2218870198.4714136
RoW,NY,118471047258.00621
RoW,NC,46701356996.535095
RoW,ND,2684132084.7544117
RoW,OH,68128143406.33951
RoW,OK,11995692555.232206
RoW,OR,17171405780.880188
RoW,PA,82158022258.61453
RoW,RI,9378772962.521587
RoW,SC,37284300316.88176
RoW,SD,1073835045.9956565
RoW,TN,77438629628.8343
RoW,TX,262177900366.9808
RoW,UT,13725274730.153118
RoW,VT,2890283094.1372085
RoW,VA,28687736718.842262
RoW,WA,48609696642.2549
RoW,WV,3302034837.1739964
RoW,WI,27932727519.478355
RoW,WY,1706871151.8666244
SC,AL,4390704617.7756
SC,AK,14726694.754625559
SC,AZ,1134985030.978642
SC,AR,1338185859.9340377
SC,CA,5690640276.369315
SC,CO,568414952.4500217
SC,CT,988708309.048507
SC,DE,381510837.28143835
SC,DC,207829292.76023817
SC,FL,9195898521.288021
SC,GA,25969847496.38066
SC,HI,17626043.729782104
SC,ID,103624128.10868049
SC,IL,4279160680.2877884
SC,IN,2979383058.2370734
SC,IA,800995551.4476423
SC,KS,445663913.7258377
SC,KY,3697051261.1019487
SC,LA,1026148467.6945567
SC,ME,464520052.3103752
SC,MD,2337130044.4347734
SC,MA,1755925541.7854404
SC,MI,3410070991.666318
SC,MN,1490110496.2454438
SC,MS,1178001635.5781503
SC,MO,1992659035.6561198
SC,MT,165665139.44656754
SC,NE,289595275.38273525
SC,NV,494713138.9447751
SC,NH,258622293.88538504
SC,NJ,2286532281.2558203
SC,NM,254496017.8980863
SC,NY,4059365883.7831473
SC,NC,19482721114.76498
SC,ND,476153445.8934431
SC,OH,4301098728.2087
SC,OK,749599304.3462286
SC,OR,464721461.25772095
SC,PA,4437506146.451442
SC,RI,158462180.64704037
SC,SD,98613799.5762024
SC,TN,7261925192.730474
SC,TX,11741388878.087597
SC,UT,612213529.0565033
SC,VT,227911815.9150877
SC,VA,4187544229.6405897
SC,RoW,32963985011.842155
SC,WA,922279604.5213861
SC,WV,949221391.2517929
SC,WI,1663533355.510437
SC,WY,60499164.02353859
SD,AL,245806613.98058033
SD,AK,5506003.166942596
SD,AZ,193491501.30444193
SD,AR,176702680.1659565
SD,CA,1049426558.4637055
SD,CO,389969654.9288621
SD,CT,40185628.50217819
SD,DE,20409458.563799858
SD,DC,3896342.9862594604
SD,FL,203879182.37423515
SD,GA,350168784.5888581
SD,HI,2706164.0623435974
SD,ID,93311297.21493912
SD,IL,1109539825.4596362
SD,IN,198457093.81890774
SD,IA,2927116015.5094805
SD,KS,399513221.240428
SD,KY,187404333.96891165
SD,LA,51792398.71931648
SD,ME,27684156.459039688
SD,MD,70953863.58586407
SD,MA,133529581.2634201
SD,MI,400607354.5030241
SD,MN,3005350075.110743
SD,MS,101218845.35397339
SD,MO,277849656.50506544
SD,MT,520586123.30478
SD,NE,1131392589.1214027
SD,NV,73191758.7407093
SD,NH,30427878.974485397
SD,NJ,233449567.06741524
SD,NM,40209726.80898476
SD,NY,196380465.78560352
SD,NC,352689945.8540287
SD,ND,1586074075.574235
SD,OH,324194514.690917
SD,OK,101163416.42995596
SD,OR,231537682.23784828
SD,PA,431971770.2126827
SD,RI,10503274.489128113
SD,SC,51499336.5751071
SD,TN,452643739.05246735
SD,TX,1595230408.513113
SD,UT,114721588.3537612
SD,VT,9426646.921761513
SD,VA,297723503.2814121
SD,RoW,1463369190.0730991
SD,WA,1911096301.9073553
SD,WV,13913121.835102081
SD,WI,932463134.6514812
SD,WY,451073193.14455605
TN,AL,12760973255.94319
TN,AK,115881208.05435562
TN,AZ,1866609201.4085538
TN,AR,10686781885.393724
TN,CA,16051006428.560326
TN,CO,1995498370.0860085
TN,CT,2165972511.1929636
TN,DE,1091515911.365841
TN,DC,95055173.59986115
TN,FL,15460500739.38266
TN,GA,33459706174.45404
TN,HI,257321923.41148472
TN,ID,629595280.87044
TN,IL,10321881313.851969
TN,IN,8702269761.855541
TN,IA,2428236274.8450046
TN,KS,2608216220.4054875
TN,KY,17559867051.978317
TN,LA,7033882468.592754
TN,ME,479373744.1512239
TN,MD,2683927189.718422
TN,MA,2255628430.297617
TN,MI,11288727282.878304
TN,MN,3570983802.270135
TN,MS,15689264248.612259
TN,MO,6951942688.842129
TN,MT,1224831448.2406635
TN,NE,1079231466.307644
TN,NV,1458175126.4457526
TN,NH,386819123.1665802
TN,NJ,6788878346.287434
TN,NM,634655451.7289238
TN,NY,8415216710.425221
TN,NC,10652193270.896177
TN,ND,721175312.7733183
TN,OH,11029286238.399319
TN,OK,2305757580.1548953
TN,OR,1462653300.2526774
TN,PA,8818621869.457678
TN,RI,463316453.7775364
TN,SC,9520138172.34221
TN,SD,364811717.2529192
TN,TX,23154359687.93979
TN,UT,903407646.2559371
TN,VT,174994956.61123276
TN,VA,7993935326.800826
TN,RoW,34222915485.41544
TN,WA,1434521127.0690632
TN,WV,1694547454.3846426
TN,WI,4441527655.180818
TN,WY,170259531.5667343
TX,AL,7229586489.539952
TX,AK,651818906.5381551
TX,AZ,11739850962.09387
TX,AR,11174482215.150225
TX,CA,46157260240.44171
TX,CO,12283895078.264193
TX,CT,4310749751.545465
TX,DE,548942416.6483788
TX,DC,180119407.11693382
TX,FL,23038975614.90082
TX,GA,17270818218.99797
TX,HI,583191284.0019112
TX,ID,1137031204.8567538
TX,IL,19258613432.44593
TX,IN,9548162373.815237
TX,IA,3967378728.0940237
TX,KS,9296874326.954962
TX,KY,7853528482.957559
TX,LA,38607050888.258446
TX,ME,614836291.2423267
TX,MD,3403438860.412695
TX,MA,5864515441.622629
TX,MI,15603272271.022005
TX,MN,5019356618.8053055
TX,MS,9036759283.804508
TX,MO,11579718905.740456
TX,MT,2688750625.3210154
TX,NE,3778615334.0095134
TX,NV,5051961065.511868
TX,NH,512173160.36576843
TX,NJ,8068222674.964571
TX,NM,12221161875.08131
TX,NY,9417620677.704462
TX,NC,8343995380.381875
TX,ND,4367509860.276029
TX,OH,17712549918.86902
TX,OK,37785180834.39425
TX,OR,3105138910.431258
TX,PA,11628965173.545982
TX,RI,374616079.32586575
TX,SC,8712980462.553984
TX,SD,638613281.9735084
TX,TN,15743122360.854158
TX,UT,11041660676.141792
TX,VT,323517169.95571613
TX,VA,5511338927.664708
TX,RoW,273150950571.8595
TX,WA,6702353722.855535
TX,WV,1992294876.1449933
TX,WI,5452178295.1694145
TX,WY,1668826298.495618
UT,AL,652802000.0468905
UT,AK,98624420.55124283
UT,AZ,2846614902.5045605
UT,AR,274238858.7512908
UT,CA,14487823179.13035
UT,CO,4449705034.580933
UT,CT,269938354.3545828
UT,DE,110447829.88245583
UT,DC,20297387.21317482
UT,FL,1922525701.4889224
UT,GA,1858413058.3874779
UT,HI,81558208.41236973
UT,ID,6043362626.817387
UT,IL,2813126450.9734936
UT,IN,2073125365.3690925
UT,IA,907669103.3518149
UT,KS,467262073.0277495
UT,KY,1023817364.7380352
UT,LA,211865260.4983654
UT,ME,53726333.048648834
UT,MD,481444572.25889397
UT,MA,592535604.2659812
UT,MI,1753714003.4572632
UT,MN,1171155496.635706
UT,MS,223477890.60812664
UT,MO,1258072895.6401386
UT,MT,3469071955.322379
UT,NE,611764268.7353401
UT,NV,3396772672.9739256
UT,NH,102520257.82647324
UT,NJ,643974050.316299
UT,NM,330278196.3823798
UT,NY,1707257316.551484
UT,NC,1419765675.7184215
UT,ND,252902409.83210564
UT,OH,1386378076.639854
UT,OK,449443646.76813436
UT,OR,1712872874.7126505
UT,PA,1811315043.462359
UT,RI,59030856.009241104
UT,SC,632410013.7644866
UT,SD,144529418.26986074
UT,TN,3377330872.439938
UT,TX,6828021974.939577
UT,VT,106692002.39608955
UT,VA,784866469.4853382
UT,RoW,12125509111.832806
UT,WA,2892015876.9901657
UT,WV,73759708.76968431
UT,WI,951950822.6183121
UT,WY,1497534113.1868138
VA,AL,1862817543.359015
VA,AK,36523514.332344055
VA,AZ,660069285.1429601
VA,AR,726558477.3580179
VA,CA,5451982708.9560375
VA,CO,790353074.9499187
VA,CT,1377673442.9083319
VA,DE,1815890706.4964633
VA,DC,6619397214.852001
VA,FL,5140496572.22958
VA,GA,5368312921.5428095
VA,HI,110748548.34972
VA,ID,146411249.75821304
VA,IL,4577083292.857792
VA,IN,2676434282.857874
VA,IA,769150165.0967646
VA,KS,850779132.9317498
VA,KY,2452563021.0475006
VA,LA,823220156.2252698
VA,ME,641421016.3468094
VA,MD,16869091637.804218
VA,MA,3160972795.4479475
VA,MI,2975613165.404868
VA,MN,889137287.2755451
VA,MS,687716155.8463297
VA,MO,1350821841.2927394
VA,MT,284183739.86077976
VA,NE,348346175.405715
VA,NV,570473607.3245745
VA,NH,416798019.9293165
VA,NJ,4751525157.0848465
VA,NM,255236929.0911064
VA,NY,8936956617.388756
VA,NC,16862106279.164448
VA,ND,260696557.50634384
VA,OH,7424204071.351965
VA,OK,454497700.0070672
VA,OR,453479506.9789076
VA,PA,12331889065.524323
VA,RI,474428579.689188
VA,SC,4079823341.456535
VA,SD,158432992.2396717
VA,TN,4032836575.7124443
VA,TX,6598310266.318964
VA,UT,791431659.6335468
VA,VT,107039787.90730572
VA,RoW,17895426220.33628
VA,WA,1060047756.5421891
VA,WV,3622133892.375513
VA,WI,1571922964.3242826
VA,WY,62211482.85634136
VT,AL,148568225.28048325
VT,AK,2843575.4274787903
VT,AZ,92651103.64221764
VT,AR,41225429.15334129
VT,CA,679347726.5985956
VT,CO,118272490.36414337
VT,CT,406945659.9868808
VT,DE,9979453.268054962
VT,DC,7451293.721057892
VT,FL,421730694.1665964
VT,GA,675344731.4994726
VT,HI,3312056.4481258392
VT,ID,41096526.667933464
VT,IL,698418189.9550095
VT,IN,142889933.33944988
VT,IA,164029652.70809174
VT,KS,100583523.30873775
VT,KY,51168434.23928833
VT,LA,43158964.77326012
VT,ME,582898346.6894171
VT,MD,862635122.3867102
VT,MA,1334608207.569623
VT,MI,372663626.0858917
VT,MN,134318960.49426174
VT,MS,28127299.190977097
VT,MO,168068878.12351608
VT,MT,24593476.99661064
VT,NE,40631481.63579559
VT,NV,282545861.62204266
VT,NH,1006446926.5104239
VT,NJ,1469451876.4498396
VT,NM,35008207.97754288
VT,NY,3346830368.975711
VT,NC,316926314.787076
VT,ND,18771016.989761353
VT,OH,627509699.6968188
VT,OK,39509582.4669981
VT,OR,91517193.75771904
VT,PA,1094006293.6703286
VT,RI,64269216.52260876
VT,SC,210531547.96163368
VT,SD,18404673.55546379
VT,TN,730154918.0217876
VT,TX,745558272.4474535
VT,UT,66609304.9299345
VT,VA,274141993.98659706
VT,RoW,2818760281.36047
VT,WA,260036178.2609253
VT,WV,47790326.9587307
VT,WI,260319257.6768856
VT,WY,5360060.298755646
WA,AL,635767643.143281
WA,AK,8768275661.30776
WA,AZ,2209615477.185577
WA,AR,251270790.99398613
WA,CA,22218518261.36612
WA,CO,2937478843.801301
WA,CT,2577480991.939554
WA,DE,96430269.3952446
WA,DC,463268694.74082947
WA,FL,5969043376.195549
WA,GA,1773198028.96701
WA,HI,572820992.7469225
WA,ID,6661928370.593374
WA,IL,7037514974.380623
WA,IN,1488760617.2037106
WA,IA,871618407.3408635
WA,KS,1551288148.763349
WA,KY,3710904990.44633
WA,LA,380987291.41433716
WA,ME,234130213.0890236
WA,MD,1979781373.225371
WA,MA,1299728862.4402552
WA,MI,2698904027.013974
WA,MN,2185841227.037469
WA,MS,280750181.7334883
WA,MO,729270770.8707194
WA,MT,6577494925.3071165
WA,NE,350267253.8252444
WA,NV,1647731387.6006327
WA,NH,163517197.17156124
WA,NJ,4048849816.1872997
WA,NM,391458092.9644413
WA,NY,3824429521.876785
WA,NC,1486220923.2552829
WA,ND,487331374.8898549
WA,OH,2292384965.7157526
WA,OK,818365200.3131304
WA,OR,28188967870.991917
WA,PA,2657360568.48638
WA,RI,142585750.31596947
WA,SC,1251332778.4706225
WA,SD,175298061.2014103
WA,TN,7141997531.356786
WA,TX,14852057266.261116
WA,UT,2268539564.0182486
WA,VT,174139312.80022812
WA,VA,1615390899.0063162
WA,RoW,87532585970.71764
WA,WV,307331586.83992004
WA,WI,1026349040.1721988
WA,WY,509114798.29030323
WI,AL,2035634587.758397
WI,AK,75622359.91227531
WI,AZ,1770921703.2666569
WI,AR,1492550630.4830284
WI,CA,11460462508.500656
WI,CO,1905343078.3503158
WI,CT,1488302446.8791957
WI,DE,249914797.94495583
WI,DC,80498543.69505024
WI,FL,6337933302.512532
WI,GA,5183997195.415749
WI,HI,108594086.64497375
WI,ID,893983073.0272956
WI,IL,37013843700.183464
WI,IN,8958275735.896473
WI,IA,6919360275.722124
WI,KS,1889296819.4106736
WI,KY,2702629549.6835365
WI,LA,1045970521.9980686
WI,ME,334243311.09554195
WI,MD,6094822454.399405
WI,MA,2805115090.025014
WI,MI,12280141952.451777
WI,MN,17780592066.20467
WI,MS,862066512.0641451
WI,MO,5238694285.015237
WI,MT,920671660.541872
WI,NE,1869760939.3588395
WI,NV,911049456.6308556
WI,NH,448911221.8685918
WI,NJ,4926481059.337268
WI,NM,296625820.95514846
WI,NY,6793894963.769723
WI,NC,3248627487.487544
WI,ND,2117356115.9350283
WI,OH,7841679105.903867
WI,OK,1289836117.8232489
WI,OR,1526054807.6451669
WI,PA,8923738203.724648
WI,RI,291439552.12755585
WI,SC,1938577021.034597
WI,SD,1757709463.6580582
WI,TN,4414307885.841358
WI,TX,12818280294.841352
WI,UT,1306578644.8854134
WI,VT,188647739.12404633
WI,VA,2986736538.626759
WI,RoW,23680264728.36773
WI,WA,3400457062.6177926
WI,WV,483769973.08366966
WI,WY,154758055.02858353
WV,AL,173984447.63937378
WV,AK,8173392.983646393
WV,AZ,132416710.94724274
WV,AR,102604193.04395199
WV,CA,775892238.0328574
WV,CO,88096813.38122463
WV,CT,107044798.84348774
WV,DE,84397144.63588238
WV,DC,30760581.163557053
WV,FL,307082423.7178364
WV,GA,734763896.2789488
WV,HI,335422.89070272446
WV,ID,13302744.73252678
WV,IL,823558287.01574
WV,IN,1595187231.378705
WV,IA,38167329.68209696
WV,KS,113448316.41046
WV,KY,1574668218.1514077
WV,LA,223613268.86915445
WV,ME,136076570.0979185
WV,MD,2305711780.1448417
WV,MA,282260922.8143978
WV,MI,2768875582.7781367
WV,MN,181329304.56505108
WV,MS,535923340.82960796
WV,MO,270491894.5351343
WV,MT,33405057.244324684
WV,NE,75197501.34878731
WV,NV,31893751.085892677
WV,NH,60280308.419073105
WV,NJ,600690260.3883848
WV,NM,8145030.420692444
WV,NY,1015686868.9413071
WV,NC,3871985957.7253857
WV,ND,9178829.177650452
WV,OH,6673362007.459799
WV,OK,135040446.90690517
WV,OR,58090732.76727438
WV,PA,4996617338.693039
WV,RI,18929955.481061935
WV,SC,320216716.6433896
WV,SD,7840155.554992676
WV,TN,746690254.83707
WV,TX,1657703148.9212031
WV,UT,49269393.89723015
WV,VT,61333921.374506
WV,VA,3715873551.6423163
WV,RoW,7230092936.913743
WV,WA,165472956.1829133
WV,WI,417122474.0724678
WV,WY,14883852.32266426
WY,AL,90122165.49601555
WY,AK,2532764.693716049
WY,AZ,124911223.63998032
WY,AR,184661142.7171564
WY,CA,460947232.22334623
WY,CO,2736563511.453652
WY,CT,7488448.832428932
WY,DE,1161359.6953430176
WY,FL,43640006.02542257
WY,GA,86487414.24190235
WY,HI,684777.5892944336
WY,ID,165251270.0007944
WY,IL,399937184.418807
WY,IN,239954494.87786388
WY,IA,229556355.1452303
WY,KS,267317689.59154797
WY,KY,113829341.33540535
WY,LA,149203754.56858635
WY,ME,3802343.1507110596
WY,MD,8964181.907129765
WY,MA,13368821.95917511
WY,MI,269868126.1257405
WY,MN,219270650.3370571
WY,MS,6140651.402801514
WY,MO,636757262.1738634
WY,MT,564563688.8672061
WY,NE,284540936.5410013
WY,NV,105168949.16838455
WY,NH,5768091.500822067
WY,NJ,40950366.81671429
WY,NM,110505513.35090446
WY,NY,72652639.55930519
WY,NC,100901730.6761465
WY,ND,221296280.97241354
WY,OH,169190788.0637045
WY,OK,176941141.54856682
WY,OR,307190927.41992044
WY,PA,192923799.26993752
WY,RI,599563.9835968018
WY,SC,8455183.919765472
WY,SD,150690296.31477547
WY,TN,70974882.53658009
WY,TX,1371153280.859591
WY,UT,612394141.8884249
WY,VT,8116991.4949646
WY,VA,17446791.771265984
WY,RoW,1231545761.8444152
WY,WA,226165513.6473899
WY,WV,14295619.146129608
WY,WI,348457078.4342675
