year,group,usd_share,records,three_way_usd,three_way_records,attributed_share,three_way_records_null,top5_origins_share,top5_destinations_share,top25_pairs_share,top_origin,top_destination
2012,pooled,1.0,2279065,0.41128,0.15971,1.0,,,,,,
2012,manufacturing,0.48777,1398179,0.42484,0.17728,0.43558,0.03482,0.21902,0.19745,0.08595,TX,LA
2012,mining,0.00749,22010,0.13293,0.48205,0.0168,0.07934,0.34482,0.28764,0.23351,MT,TX
2012,other,0.15993,175127,0.6075,0.40206,0.19835,0.14056,0.27411,0.19054,0.09924,CA,CA
2012,wholesale,0.34481,683749,0.54126,0.2712,0.34926,0.06818,0.26164,0.19228,0.08936,IL,NY
2017,pooled,1.0,2943533,0.36158,0.1548,1.0,,,,,,
2017,manufacturing,0.4736,1647651,0.39804,0.18227,0.43125,0.03057,0.22,0.20664,0.08367,TX,CA
2017,mining,0.00513,23574,0.19472,0.47866,0.01408,0.07139,0.3032,0.32465,0.25572,UT,TX
2017,other,0.15528,355196,0.51322,0.30608,0.17244,0.08876,0.23036,0.20433,0.11734,PA,FL
2017,wholesale,0.36599,917112,0.49953,0.25791,0.38223,0.05258,0.24885,0.18093,0.09156,TX,OH
2022,pooled,1.0,22150779,0.37262,0.169,1.0,,,,,,
2022,manufacturing,0.46685,6278208,0.423,0.21349,0.45415,0.00745,0.22715,0.21099,0.09183,TX,CA
2022,mining,0.00354,51746,0.1458,0.19528,0.00718,0.02108,0.37293,0.33478,0.26116,CA,OH
2022,other,0.16653,8377963,0.38903,0.144,0.11923,0.00444,0.25215,0.21993,0.14448,IN,WA
2022,wholesale,0.36308,7442862,0.5504,0.2974,0.41944,0.00661,0.25372,0.20086,0.10282,IL,CA
