role,buyer_hhi,supplier_hhi,asymmetry,year,states
Engine,0.0774,0.1004,-0.023,2012,6
Generalist,0.1516,0.1736,-0.0219,2012,17
Market,0.2602,0.2374,0.0228,2012,8
Router,0.1128,0.159,-0.0462,2012,5
Specialist,0.2569,0.227,0.0299,2012,5
Sustainer,0.1526,0.1952,-0.0426,2012,10
Engine,0.0793,0.0951,-0.0158,2017,6
Generalist,0.141,0.1532,-0.0122,2017,15
Market,0.2699,0.2794,-0.0095,2017,8
Router,0.111,0.1184,-0.0074,2017,6
Specialist,0.1854,0.2138,-0.0284,2017,5
Sustainer,0.1439,0.1672,-0.0233,2017,11
Engine,0.0786,0.0951,-0.0165,2022,5
Generalist,0.1511,0.1685,-0.0173,2022,14
Market,0.2747,0.2338,0.0409,2022,9
Router,0.1152,0.1151,0.0001,2022,7
Specialist,0.1691,0.2076,-0.0385,2022,6
Sustainer,0.1157,0.1682,-0.0525,2022,10
