year,group,state,as_origin,as_destination
2012,manufacturing,AK,0.00029,0.00206
2012,manufacturing,AL,0.01952,0.021
2012,manufacturing,AR,0.01864,0.02011
2012,manufacturing,AZ,0.01969,0.01922
2012,manufacturing,CA,0.04379,0.03323
2012,manufacturing,CO,0.01496,0.0152
2012,manufacturing,CT,0.01086,0.01236
2012,manufacturing,DC,5e-05,0.00198
2012,manufacturing,DE,0.01047,0.0072
2012,manufacturing,FL,0.01784,0.03016
2012,manufacturing,GA,0.02613,0.03166
2012,manufacturing,HI,0.00014,0.00216
2012,manufacturing,IA,0.02537,0.01841
2012,manufacturing,ID,0.00728,0.00802
2012,manufacturing,IL,0.03864,0.03837
2012,manufacturing,IN,0.03176,0.033
2012,manufacturing,KS,0.03101,0.02057
2012,manufacturing,KY,0.02735,0.02476
2012,manufacturing,LA,0.03883,0.04413
2012,manufacturing,MA,0.01329,0.01675
2012,manufacturing,MD,0.01591,0.01892
2012,manufacturing,ME,0.00705,0.00734
2012,manufacturing,MI,0.02731,0.02676
2012,manufacturing,MN,0.02452,0.01906
2012,manufacturing,MO,0.02399,0.02527
2012,manufacturing,MS,0.02471,0.02015
2012,manufacturing,MT,0.00461,0.01285
2012,manufacturing,NC,0.04152,0.02893
2012,manufacturing,ND,0.00536,0.009
2012,manufacturing,NE,0.01806,0.01284
2012,manufacturing,NH,0.0059,0.00788
2012,manufacturing,NJ,0.02088,0.0289
2012,manufacturing,NM,0.02022,0.00847
2012,manufacturing,NV,0.00554,0.01137
2012,manufacturing,NY,0.02674,0.0376
2012,manufacturing,OH,0.03935,0.03668
2012,manufacturing,OK,0.01473,0.01726
2012,manufacturing,OR,0.01428,0.01403
2012,manufacturing,PA,0.03509,0.02936
2012,manufacturing,RI,0.00434,0.00517
2012,manufacturing,SC,0.02307,0.02175
2012,manufacturing,SD,0.00801,0.00652
2012,manufacturing,TN,0.02984,0.03265
2012,manufacturing,TX,0.05553,0.04068
2012,manufacturing,UT,0.01646,0.01559
2012,manufacturing,VA,0.02109,0.03099
2012,manufacturing,VT,0.00501,0.00577
2012,manufacturing,WA,0.02238,0.0277
2012,manufacturing,WI,0.0266,0.01946
2012,manufacturing,WV,0.01217,0.01506
2012,manufacturing,WY,0.00385,0.00563
2012,mining,AK,1e-05,0.0
2012,mining,AL,0.06925,0.0275
2012,mining,AR,0.01105,0.00544
2012,mining,AZ,0.01872,0.01539
2012,mining,CA,0.0177,0.02688
2012,mining,CO,0.04562,0.01342
2012,mining,CT,0.00378,0.00197
2012,mining,DC,0.0,0.00073
2012,mining,DE,0.00027,0.0015
2012,mining,FL,0.02114,0.02869
2012,mining,GA,0.02602,0.03137
2012,mining,HI,0.0,0.0
2012,mining,IA,0.00223,0.03371
2012,mining,ID,0.01824,0.00205
2012,mining,IL,0.04574,0.03237
2012,mining,IN,0.01291,0.03079
2012,mining,KS,0.00488,0.0257
2012,mining,KY,0.01845,0.03712
2012,mining,LA,0.00382,0.04654
2012,mining,MA,0.00142,0.00174
2012,mining,MD,0.0129,0.0277
2012,mining,ME,-0.0,0.00085
2012,mining,MI,0.02788,0.0683
2012,mining,MN,0.03318,0.04204
2012,mining,MO,0.05128,0.0146
2012,mining,MS,0.00578,0.01002
2012,mining,MT,0.09638,0.02048
2012,mining,NC,0.01212,0.02281
2012,mining,ND,0.0029,0.00553
2012,mining,NE,0.00516,0.00625
2012,mining,NH,0.00031,0.00084
2012,mining,NJ,0.00277,0.01614
2012,mining,NM,0.01881,0.00287
2012,mining,NV,0.02172,0.00691
2012,mining,NY,0.00544,0.01448
2012,mining,OH,0.01372,0.04837
2012,mining,OK,0.02036,0.0119
2012,mining,OR,0.00123,0.0105
2012,mining,PA,0.04403,0.04848
2012,mining,RI,3e-05,0.00083
2012,mining,SC,0.00506,0.01552
2012,mining,SD,0.01048,0.00354
2012,mining,TN,0.02609,0.02566
2012,mining,TX,0.02224,0.07595
2012,mining,UT,0.05072,0.01389
2012,mining,VA,0.05245,0.0433
2012,mining,VT,0.0055,0.0008
2012,mining,WA,0.00469,0.01299
2012,mining,WI,0.02026,0.0316
2012,mining,WV,0.02978,0.02734
2012,mining,WY,0.07546,0.00662
2012,other,AK,0.0,0.00564
2012,other,AL,0.01114,0.01813
2012,other,AR,0.01095,0.01398
2012,other,AZ,0.01599,0.02435
2012,other,CA,0.06262,0.04632
2012,other,CO,0.01731,0.03036
2012,other,CT,0.01919,0.01856
2012,other,DC,0.0,0.00504
2012,other,DE,0.0037,0.00977
2012,other,FL,0.01978,0.03336
2012,other,GA,0.04251,0.0253
2012,other,HI,0.00034,0.00395
2012,other,IA,0.01467,0.01854
2012,other,ID,0.00366,0.00788
2012,other,IL,0.05363,0.03382
2012,other,IN,0.02603,0.0315
2012,other,KS,0.02455,0.01785
2012,other,KY,0.02351,0.01979
2012,other,LA,0.00459,0.02133
2012,other,MA,0.02931,0.02688
2012,other,MD,0.03286,0.01956
2012,other,ME,0.00222,0.00867
2012,other,MI,0.01954,0.03244
2012,other,MN,0.01806,0.02418
2012,other,MO,0.02904,0.02398
2012,other,MS,0.01787,0.01096
2012,other,MT,0.00045,0.01639
2012,other,NC,0.02911,0.02318
2012,other,ND,0.00054,0.01075
2012,other,NE,0.01088,0.01234
2012,other,NH,0.00377,0.01032
2012,other,NJ,0.03507,0.02679
2012,other,NM,0.00393,0.00882
2012,other,NV,0.01673,0.01956
2012,other,NY,0.03037,0.04368
2012,other,OH,0.05331,0.03249
2012,other,OK,0.00958,0.01981
2012,other,OR,0.02254,0.01557
2012,other,PA,0.04811,0.03336
2012,other,RI,0.00971,0.00643
2012,other,SC,0.01748,0.02053
2012,other,SD,0.00473,0.00756
2012,other,TN,0.03807,0.02779
2012,other,TX,0.05645,0.03259
2012,other,UT,0.0217,0.01222
2012,other,VA,0.02625,0.03057
2012,other,VT,0.00153,0.00316
2012,other,WA,0.03061,0.02688
2012,other,WI,0.02309,0.01434
2012,other,WV,0.00152,0.00773
2012,other,WY,0.00136,0.00498
2012,wholesale,AK,0.00043,0.0034
2012,wholesale,AL,0.01443,0.02262
2012,wholesale,AR,0.01127,0.01902
2012,wholesale,AZ,0.01046,0.01796
2012,wholesale,CA,0.05167,0.03986
2012,wholesale,CO,0.0253,0.01713
2012,wholesale,CT,0.03143,0.01628
2012,wholesale,DC,0.00044,0.00384
2012,wholesale,DE,0.00711,0.00691
2012,wholesale,FL,0.02875,0.02116
2012,wholesale,GA,0.03003,0.03376
2012,wholesale,HI,0.00024,0.00229
2012,wholesale,IA,0.01354,0.02018
2012,wholesale,ID,0.00547,0.00771
2012,wholesale,IL,0.05811,0.03082
2012,wholesale,IN,0.02623,0.02668
2012,wholesale,KS,0.02677,0.01337
2012,wholesale,KY,0.03238,0.02432
2012,wholesale,LA,0.01305,0.0343
2012,wholesale,MA,0.02086,0.0264
2012,wholesale,MD,0.01857,0.02005
2012,wholesale,ME,0.00268,0.00783
2012,wholesale,MI,0.02679,0.01875
2012,wholesale,MN,0.02983,0.01842
2012,wholesale,MO,0.02309,0.02314
2012,wholesale,MS,0.01566,0.01821
2012,wholesale,MT,0.0056,0.0125
2012,wholesale,NC,0.03252,0.02772
2012,wholesale,ND,0.00869,0.01146
2012,wholesale,NE,0.0139,0.01681
2012,wholesale,NH,0.00547,0.0162
2012,wholesale,NJ,0.05261,0.02627
2012,wholesale,NM,0.00328,0.01013
2012,wholesale,NV,0.00652,0.01493
2012,wholesale,NY,0.04616,0.04432
2012,wholesale,OH,0.02647,0.03349
2012,wholesale,OK,0.01739,0.01647
2012,wholesale,OR,0.01444,0.01736
2012,wholesale,PA,0.04239,0.03207
2012,wholesale,RI,0.00525,0.00674
2012,wholesale,SC,0.01253,0.01994
2012,wholesale,SD,0.00702,0.00911
2012,wholesale,TN,0.03658,0.02835
2012,wholesale,TX,0.0531,0.04004
2012,wholesale,UT,0.00937,0.01763
2012,wholesale,VA,0.0248,0.02576
2012,wholesale,VT,0.0059,0.00775
2012,wholesale,WA,0.02227,0.02285
2012,wholesale,WI,0.01617,0.02663
2012,wholesale,WV,0.0055,0.01414
2012,wholesale,WY,0.00148,0.00691
2017,manufacturing,AK,7e-05,0.00445
2017,manufacturing,AL,0.0245,0.02529
2017,manufacturing,AR,0.0163,0.01286
2017,manufacturing,AZ,0.01946,0.01909
2017,manufacturing,CA,0.04965,0.04452
2017,manufacturing,CO,0.01427,0.01394
2017,manufacturing,CT,0.02065,0.01549
2017,manufacturing,DC,6e-05,0.00379
2017,manufacturing,DE,0.00923,0.00647
2017,manufacturing,FL,0.02058,0.03379
2017,manufacturing,GA,0.0324,0.03546
2017,manufacturing,HI,0.00024,0.00438
2017,manufacturing,IA,0.02806,0.01679
2017,manufacturing,ID,0.00739,0.00676
2017,manufacturing,IL,0.03852,0.04019
2017,manufacturing,IN,0.03285,0.03522
2017,manufacturing,KS,0.02092,0.01753
2017,manufacturing,KY,0.02629,0.02604
2017,manufacturing,LA,0.02838,0.01727
2017,manufacturing,MA,0.02252,0.01546
2017,manufacturing,MD,0.01542,0.02408
2017,manufacturing,ME,0.00728,0.00731
2017,manufacturing,MI,0.0241,0.02974
2017,manufacturing,MN,0.02509,0.01695
2017,manufacturing,MO,0.02589,0.01964
2017,manufacturing,MS,0.02353,0.02169
2017,manufacturing,MT,0.00349,0.00961
2017,manufacturing,NC,0.03267,0.02577
2017,manufacturing,ND,0.00599,0.00939
2017,manufacturing,NE,0.01449,0.01175
2017,manufacturing,NH,0.00707,0.00752
2017,manufacturing,NJ,0.01954,0.02721
2017,manufacturing,NM,0.00668,0.00737
2017,manufacturing,NV,0.0062,0.01766
2017,manufacturing,NY,0.02752,0.02946
2017,manufacturing,OH,0.03213,0.03707
2017,manufacturing,OK,0.01815,0.01618
2017,manufacturing,OR,0.01789,0.01506
2017,manufacturing,PA,0.03823,0.03088
2017,manufacturing,RI,0.0057,0.00585
2017,manufacturing,SC,0.022,0.02276
2017,manufacturing,SD,0.01047,0.00526
2017,manufacturing,TN,0.02803,0.04395
2017,manufacturing,TX,0.06075,0.0409
2017,manufacturing,UT,0.01898,0.0178
2017,manufacturing,VA,0.01769,0.02664
2017,manufacturing,VT,0.00511,0.00612
2017,manufacturing,WA,0.02375,0.02529
2017,manufacturing,WI,0.0268,0.02516
2017,manufacturing,WV,0.0144,0.01408
2017,manufacturing,WY,0.00259,0.00705
2017,mining,AK,3e-05,0.0
2017,mining,AL,0.02661,0.0255
2017,mining,AR,0.01159,0.00569
2017,mining,AZ,0.03867,0.00529
2017,mining,CA,0.02063,0.05348
2017,mining,CO,0.01811,0.00731
2017,mining,CT,0.00248,0.00508
2017,mining,DC,0.0,0.00107
2017,mining,DE,8e-05,0.00366
2017,mining,FL,0.04107,0.02868
2017,mining,GA,0.02883,0.02887
2017,mining,HI,0.0,0.0
2017,mining,IA,0.01106,0.04763
2017,mining,ID,0.02474,0.02415
2017,mining,IL,0.05296,0.02674
2017,mining,IN,0.01021,0.03171
2017,mining,KS,0.00377,0.02474
2017,mining,KY,0.05291,0.0141
2017,mining,LA,0.00032,0.06287
2017,mining,MA,0.00155,0.00739
2017,mining,MD,0.01124,0.01479
2017,mining,ME,0.0009,0.00089
2017,mining,MI,0.00762,0.02003
2017,mining,MN,0.01755,0.02688
2017,mining,MO,0.05202,0.0206
2017,mining,MS,0.00383,0.00521
2017,mining,MT,0.05589,0.00312
2017,mining,NC,0.01308,0.03711
2017,mining,ND,0.00181,0.01323
2017,mining,NE,0.00126,0.01419
2017,mining,NH,0.00045,0.00145
2017,mining,NJ,0.00377,0.01847
2017,mining,NM,0.03626,0.00257
2017,mining,NV,0.02561,0.01116
2017,mining,NY,0.02188,0.01768
2017,mining,OH,0.02396,0.03975
2017,mining,OK,0.01315,0.02494
2017,mining,OR,0.00608,0.00826
2017,mining,PA,0.03106,0.05129
2017,mining,RI,0.00028,0.0005
2017,mining,SC,0.01569,0.01588
2017,mining,SD,0.00574,0.00181
2017,mining,TN,0.01656,0.02489
2017,mining,TX,0.04787,0.10939
2017,mining,UT,0.08941,0.01532
2017,mining,VA,0.03778,0.02381
2017,mining,VT,0.00076,0.00075
2017,mining,WA,0.00163,0.01928
2017,mining,WI,0.0438,0.01452
2017,mining,WV,0.02412,0.03207
2017,mining,WY,0.04331,0.00623
2017,other,AK,9e-05,0.00588
2017,other,AL,0.00869,0.01743
2017,other,AR,0.01082,0.01433
2017,other,AZ,0.02767,0.01424
2017,other,CA,0.04198,0.03352
2017,other,CO,0.00858,0.02051
2017,other,CT,0.01704,0.01789
2017,other,DC,0.0,0.00817
2017,other,DE,0.00883,0.00882
2017,other,FL,0.0269,0.0453
2017,other,GA,0.0367,0.0334
2017,other,HI,0.00023,0.00758
2017,other,IA,0.02337,0.01585
2017,other,ID,0.00231,0.00758
2017,other,IL,0.04565,0.04084
2017,other,IN,0.03989,0.02016
2017,other,KS,0.01275,0.0163
2017,other,KY,0.02109,0.02915
2017,other,LA,0.00749,0.01956
2017,other,MA,0.02317,0.02778
2017,other,MD,0.02494,0.01955
2017,other,ME,0.00604,0.00805
2017,other,MI,0.0299,0.02424
2017,other,MN,0.02046,0.02654
2017,other,MO,0.02469,0.02153
2017,other,MS,0.03121,0.02453
2017,other,MT,0.00057,0.01076
2017,other,NC,0.04236,0.02711
2017,other,ND,0.00516,0.00776
2017,other,NE,0.01006,0.01282
2017,other,NH,0.00854,0.01061
2017,other,NJ,0.02852,0.03048
2017,other,NM,0.00197,0.00946
2017,other,NV,0.0097,0.0163
2017,other,NY,0.03946,0.04091
2017,other,OH,0.04084,0.03118
2017,other,OK,0.0147,0.01469
2017,other,OR,0.01913,0.01639
2017,other,PA,0.0587,0.03593
2017,other,RI,0.00365,0.0068
2017,other,SC,0.01276,0.02146
2017,other,SD,0.00046,0.01051
2017,other,TN,0.04167,0.03168
2017,other,TX,0.03894,0.04134
2017,other,UT,0.02957,0.00947
2017,other,VA,0.02193,0.02975
2017,other,VT,0.00114,0.00437
2017,other,WA,0.03572,0.02267
2017,other,WI,0.03128,0.01635
2017,other,WV,0.00154,0.00888
2017,other,WY,0.00113,0.00361
2017,wholesale,AK,0.00042,0.00499
2017,wholesale,AL,0.01551,0.01825
2017,wholesale,AR,0.00949,0.01829
2017,wholesale,AZ,0.01404,0.01617
2017,wholesale,CA,0.04996,0.03486
2017,wholesale,CO,0.02405,0.01562
2017,wholesale,CT,0.02589,0.02153
2017,wholesale,DC,0.00031,0.00418
2017,wholesale,DE,0.01172,0.00922
2017,wholesale,FL,0.02713,0.02693
2017,wholesale,GA,0.0345,0.03194
2017,wholesale,HI,0.00014,0.00459
2017,wholesale,IA,0.01289,0.01489
2017,wholesale,ID,0.00761,0.00842
2017,wholesale,IL,0.05276,0.03234
2017,wholesale,IN,0.02975,0.03116
2017,wholesale,KS,0.02079,0.01211
2017,wholesale,KY,0.0207,0.02742
2017,wholesale,LA,0.00963,0.02876
2017,wholesale,MA,0.03062,0.0229
2017,wholesale,MD,0.01754,0.02725
2017,wholesale,ME,0.00196,0.00692
2017,wholesale,MI,0.02877,0.02568
2017,wholesale,MN,0.03596,0.01594
2017,wholesale,MO,0.03193,0.02629
2017,wholesale,MS,0.0174,0.02067
2017,wholesale,MT,0.00388,0.01081
2017,wholesale,NC,0.03286,0.02935
2017,wholesale,ND,0.00824,0.00882
2017,wholesale,NE,0.01091,0.01082
2017,wholesale,NH,0.00897,0.01066
2017,wholesale,NJ,0.04749,0.03535
2017,wholesale,NM,0.00302,0.00856
2017,wholesale,NV,0.00617,0.01925
2017,wholesale,NY,0.04476,0.03379
2017,wholesale,OH,0.02898,0.044
2017,wholesale,OK,0.01066,0.01567
2017,wholesale,OR,0.0127,0.01676
2017,wholesale,PA,0.03964,0.03056
2017,wholesale,RI,0.00732,0.00674
2017,wholesale,SC,0.01677,0.02639
2017,wholesale,SD,0.00501,0.00768
2017,wholesale,TN,0.03915,0.03293
2017,wholesale,TX,0.05388,0.03202
2017,wholesale,UT,0.01554,0.01705
2017,wholesale,VA,0.02611,0.02636
2017,wholesale,VT,0.00644,0.00616
2017,wholesale,WA,0.01809,0.02037
2017,wholesale,WI,0.01603,0.02357
2017,wholesale,WV,0.00455,0.01237
2017,wholesale,WY,0.00136,0.00662
2022,manufacturing,AK,0.00019,0.00647
2022,manufacturing,AL,0.03587,0.02458
2022,manufacturing,AR,0.01531,0.02058
2022,manufacturing,AZ,0.0199,0.02225
2022,manufacturing,CA,0.05118,0.05943
2022,manufacturing,CO,0.01395,0.01761
2022,manufacturing,CT,0.01639,0.01059
2022,manufacturing,DC,3e-05,0.00208
2022,manufacturing,DE,0.00922,0.0096
2022,manufacturing,FL,0.02293,0.02766
2022,manufacturing,GA,0.02765,0.02846
2022,manufacturing,HI,0.00014,0.00327
2022,manufacturing,IA,0.02826,0.01982
2022,manufacturing,ID,0.00722,0.01001
2022,manufacturing,IL,0.0401,0.03634
2022,manufacturing,IN,0.03336,0.03809
2022,manufacturing,KS,0.02535,0.01865
2022,manufacturing,KY,0.02689,0.02998
2022,manufacturing,LA,0.02715,0.02368
2022,manufacturing,MA,0.01853,0.01659
2022,manufacturing,MD,0.0122,0.01609
2022,manufacturing,ME,0.00823,0.00635
2022,manufacturing,MI,0.02641,0.02492
2022,manufacturing,MN,0.02303,0.02122
2022,manufacturing,MO,0.02447,0.02743
2022,manufacturing,MS,0.01712,0.01947
2022,manufacturing,MT,0.00593,0.00535
2022,manufacturing,NC,0.02675,0.03269
2022,manufacturing,ND,0.00726,0.00831
2022,manufacturing,NE,0.02022,0.01156
2022,manufacturing,NH,0.00701,0.00805
2022,manufacturing,NJ,0.02432,0.03411
2022,manufacturing,NM,0.00512,0.00732
2022,manufacturing,NV,0.00858,0.01137
2022,manufacturing,NY,0.02604,0.03228
2022,manufacturing,OH,0.0386,0.03222
2022,manufacturing,OK,0.01569,0.01271
2022,manufacturing,OR,0.01784,0.01423
2022,manufacturing,PA,0.0296,0.0371
2022,manufacturing,RI,0.00676,0.00487
2022,manufacturing,SC,0.02203,0.02033
2022,manufacturing,SD,0.00978,0.00585
2022,manufacturing,TN,0.03231,0.02942
2022,manufacturing,TX,0.0614,0.04003
2022,manufacturing,UT,0.01503,0.01546
2022,manufacturing,VA,0.0243,0.02166
2022,manufacturing,VT,0.00544,0.00462
2022,manufacturing,WA,0.0172,0.01761
2022,manufacturing,WI,0.025,0.02568
2022,manufacturing,WV,0.01251,0.01855
2022,manufacturing,WY,0.00416,0.00739
2022,mining,AK,1e-05,0.00118
2022,mining,AL,0.02624,0.02947
2022,mining,AR,0.01874,0.00629
2022,mining,AZ,0.02062,0.00475
2022,mining,CA,0.10097,0.06037
2022,mining,CO,0.04476,0.00638
2022,mining,CT,0.00186,0.00215
2022,mining,DC,0.0,0.0
2022,mining,DE,0.00117,0.00104
2022,mining,FL,0.00111,0.05369
2022,mining,GA,0.06225,0.04304
2022,mining,HI,0.0,0.00028
2022,mining,IA,0.00115,0.01088
2022,mining,ID,0.00983,0.00387
2022,mining,IL,0.06107,0.03187
2022,mining,IN,0.02165,0.02943
2022,mining,KS,0.00394,0.05273
2022,mining,KY,0.03315,0.01348
2022,mining,LA,0.00409,0.02977
2022,mining,MA,0.00073,0.00453
2022,mining,MD,0.00206,0.01906
2022,mining,ME,0.00041,0.00124
2022,mining,MI,0.02166,0.03439
2022,mining,MN,0.01963,0.02485
2022,mining,MO,0.06492,0.02348
2022,mining,MS,0.0,0.00456
2022,mining,MT,0.02781,0.00537
2022,mining,NC,0.01198,0.01665
2022,mining,ND,0.00027,0.00733
2022,mining,NE,0.00052,0.01491
2022,mining,NH,8e-05,0.00183
2022,mining,NJ,0.00104,0.00802
2022,mining,NM,0.01426,0.00701
2022,mining,NV,0.01196,0.00755
2022,mining,NY,0.01549,0.03221
2022,mining,OH,0.00253,0.0859
2022,mining,OK,0.00428,0.00875
2022,mining,OR,0.00702,0.02044
2022,mining,PA,0.04863,0.04208
2022,mining,RI,0.0,0.0006
2022,mining,SC,0.01966,0.01749
2022,mining,SD,0.0,0.0002
2022,mining,TN,0.03043,0.03762
2022,mining,TX,0.02474,0.08208
2022,mining,UT,0.0486,0.01958
2022,mining,VA,0.06491,0.01485
2022,mining,VT,0.01115,0.00018
2022,mining,WA,0.0021,0.01797
2022,mining,WI,0.02049,0.0217
2022,mining,WV,0.03015,0.03128
2022,mining,WY,0.07988,0.00561
2022,other,AK,0.00081,0.00419
2022,other,AL,0.0068,0.01605
2022,other,AR,0.01949,0.01189
2022,other,AZ,0.01371,0.01672
2022,other,CA,0.04521,0.04168
2022,other,CO,0.00927,0.0157
2022,other,CT,0.00743,0.01549
2022,other,DC,-0.0,0.00495
2022,other,DE,0.00306,0.00754
2022,other,FL,0.01781,0.03427
2022,other,GA,0.04749,0.02171
2022,other,HI,0.00363,0.00421
2022,other,IA,0.01262,0.02086
2022,other,ID,0.00623,0.01865
2022,other,IL,0.03961,0.03774
2022,other,IN,0.05776,0.03641
2022,other,KS,0.00793,0.01353
2022,other,KY,0.03719,0.01828
2022,other,LA,0.00216,0.02288
2022,other,MA,0.02126,0.02602
2022,other,MD,0.03209,0.01831
2022,other,ME,0.00637,0.00767
2022,other,MI,0.01459,0.04313
2022,other,MN,0.02712,0.02138
2022,other,MO,0.04554,0.01647
2022,other,MS,0.01147,0.01712
2022,other,MT,0.00147,0.00759
2022,other,NC,0.03198,0.02067
2022,other,ND,0.00091,0.01034
2022,other,NE,0.01134,0.01501
2022,other,NH,0.01052,0.00875
2022,other,NJ,0.02323,0.02979
2022,other,NM,0.0022,0.00699
2022,other,NV,0.00774,0.01614
2022,other,NY,0.03579,0.03412
2022,other,OH,0.04324,0.04695
2022,other,OK,0.01083,0.01447
2022,other,OR,0.0437,0.01388
2022,other,PA,0.04524,0.03356
2022,other,RI,0.00076,0.00681
2022,other,SC,0.01261,0.0181
2022,other,SD,0.00378,0.00654
2022,other,TN,0.03247,0.02929
2022,other,TX,0.05612,0.03331
2022,other,UT,0.02546,0.01098
2022,other,VA,0.02386,0.03205
2022,other,VT,0.00077,0.00625
2022,other,WA,0.0446,0.05043
2022,other,WI,0.03037,0.01934
2022,other,WV,0.00251,0.01021
2022,other,WY,0.00184,0.00559
2022,wholesale,AK,0.00023,0.0074
2022,wholesale,AL,0.01331,0.01837
2022,wholesale,AR,0.01493,0.02066
2022,wholesale,AZ,0.01988,0.01474
2022,wholesale,CA,0.05316,0.04438
2022,wholesale,CO,0.01924,0.01796
2022,wholesale,CT,0.02301,0.01507
2022,wholesale,DC,0.00021,0.00351
2022,wholesale,DE,0.01199,0.00774
2022,wholesale,FL,0.02848,0.03847
2022,wholesale,GA,0.03281,0.02237
2022,wholesale,HI,0.00043,0.0033
2022,wholesale,IA,0.01771,0.0176
2022,wholesale,ID,0.00746,0.01217
2022,wholesale,IL,0.0555,0.0324
2022,wholesale,IN,0.02457,0.02527
2022,wholesale,KS,0.01762,0.01453
2022,wholesale,KY,0.02375,0.03107
2022,wholesale,LA,0.01044,0.03049
2022,wholesale,MA,0.03743,0.02239
2022,wholesale,MD,0.01914,0.0206
2022,wholesale,ME,0.00245,0.0116
2022,wholesale,MI,0.02908,0.02088
2022,wholesale,MN,0.03159,0.01731
2022,wholesale,MO,0.02581,0.02287
2022,wholesale,MS,0.01149,0.01507
2022,wholesale,MT,0.00484,0.00964
2022,wholesale,NC,0.03511,0.02838
2022,wholesale,ND,0.00605,0.0097
2022,wholesale,NE,0.01121,0.00963
2022,wholesale,NH,0.00747,0.0116
2022,wholesale,NJ,0.04503,0.03982
2022,wholesale,NM,0.00308,0.01191
2022,wholesale,NV,0.00888,0.01714
2022,wholesale,NY,0.04676,0.03653
2022,wholesale,OH,0.038,0.03838
2022,wholesale,OK,0.01158,0.01988
2022,wholesale,OR,0.01687,0.01417
2022,wholesale,PA,0.03705,0.03293
2022,wholesale,RI,0.00639,0.00616
2022,wholesale,SC,0.01229,0.0257
2022,wholesale,SD,0.00682,0.00778
2022,wholesale,TN,0.02766,0.03115
2022,wholesale,TX,0.05327,0.03981
2022,wholesale,UT,0.02015,0.01174
2022,wholesale,VA,0.02216,0.02337
2022,wholesale,VT,0.00415,0.0067
2022,wholesale,WA,0.02158,0.02139
2022,wholesale,WI,0.01466,0.02518
2022,wholesale,WV,0.00586,0.00788
2022,wholesale,WY,0.00136,0.00524
