year,group,o,d,SCTG,bits,usd,records,observed_over_model
2012,manufacturing,KS,NY,36,0.00424,9407692853.3,45,2.9477
2012,manufacturing,NC,GA,21,0.00301,10908975818.1,60,1.93749
2012,manufacturing,TX,WA,35,0.00268,4791101485.5,167,3.81826
2012,manufacturing,MO,IL,23,0.00231,5723117150.8,518,2.62623
2012,manufacturing,PA,NC,21,0.00226,3858697558.7,12,4.07193
2012,manufacturing,NC,OH,34,0.00222,4510011418.2,348,3.25993
2012,manufacturing,OH,MI,17,0.00179,2260156607.6,85,6.69486
2012,manufacturing,LA,FL,17,0.00175,9379833198.6,12,1.56528
2012,manufacturing,MI,LA,35,0.00163,1751016236.4,48,9.28019
2012,manufacturing,SC,LA,37,0.00151,1986206400.5,2,6.15403
2012,mining,MT,MI,15,0.00369,97598598.5,41,4.02426
2012,mining,WY,MI,14,0.0035,105795882.0,2,3.37656
2012,mining,AL,TX,15,0.00188,183075325.6,6,1.45991
2012,mining,WV,KY,14,0.00161,6545592.4,42,8356.5308
2012,mining,MI,MN,14,0.00152,34189776.6,2,5.11016
2012,mining,MT,TX,14,0.00148,20769787.9,4,13.67778
2012,mining,MN,TX,11,0.00125,74445987.2,63,1.85932
2012,mining,VA,OH,11,0.00125,18652138.4,29,11.79714
2012,mining,PA,AL,12,0.00122,10455869.3,4,73.5675
2012,mining,AZ,PA,12,0.00117,8179474.3,22,192.95148
2012,other,NV,CA,43,0.00487,3056545775.0,204,3.49519
2012,other,KY,TN,43,0.00394,1784744467.4,99,5.67017
2012,other,OH,CO,21,0.00384,2098109103.8,4,4.21745
2012,other,PA,NY,43,0.00366,9495932186.0,388,1.35325
2012,other,OH,MI,43,0.00354,6753311364.9,220,1.50957
2012,other,TX,CO,43,0.00338,2426068799.1,29,2.9845
2012,other,MD,VA,30,0.00313,6760566634.4,85,1.43889
2012,other,CA,AZ,43,0.00312,3168610463.7,102,2.16663
2012,other,GA,FL,43,0.00303,5524224638.0,415,1.53851
2012,other,GA,OH,21,0.00278,2268222291.5,16,2.61889
2012,wholesale,PA,NY,21,0.00497,14358558638.2,126,1.79714
2012,wholesale,NJ,NY,43,0.00386,8593808375.9,937,2.14017
2012,wholesale,IL,NY,35,0.00314,4786016970.6,281,3.03947
2012,wholesale,PA,NH,35,0.00284,2989782506.0,21,4.98366
2012,wholesale,IL,WI,21,0.00274,8598443582.1,88,1.71473
2012,wholesale,TX,LA,21,0.00268,4218329612.7,106,2.92816
2012,wholesale,NJ,IL,35,0.00233,3965803591.8,103,2.70429
2012,wholesale,KS,TX,02,0.00231,7912014874.6,132,1.63975
2012,wholesale,GA,NC,21,0.00228,2529178582.6,68,4.60624
2012,wholesale,MN,GA,36,0.00217,1604599406.7,14,9.86204
2017,manufacturing,CA,OH,21,0.00391,14471196017.7,79,1.94687
2017,manufacturing,WI,MD,36,0.0025,4472455434.2,26,3.98339
2017,manufacturing,CT,TN,37,0.00207,4998765080.7,120,2.77937
2017,manufacturing,CT,NY,34,0.00198,7877839541.9,684,1.85922
2017,manufacturing,OR,TN,35,0.00193,4585147185.8,172,2.82998
2017,manufacturing,SC,GA,37,0.00185,9600654717.9,23,1.61107
2017,manufacturing,GA,CA,37,0.00177,3404306413.5,86,3.60284
2017,manufacturing,TX,UT,37,0.00171,4994121905.2,22,2.32681
2017,manufacturing,NC,NY,21,0.00168,5148474147.1,130,2.23514
2017,manufacturing,TX,CA,37,0.00162,6529186685.2,165,1.84196
2017,mining,UT,TX,13,0.00623,40544658.1,86,60.84427
2017,mining,KY,LA,12,0.0041,42224302.6,124,13.47249
2017,mining,MO,TX,31,0.00393,37545908.8,50,16.43599
2017,mining,WI,TX,11,0.00226,300349009.0,219,1.22355
2017,mining,AZ,IA,14,0.00215,77959907.7,2,2.09044
2017,mining,UT,ID,15,0.00215,20425735.2,2,16.64573
2017,mining,WY,WA,13,0.00201,21936212.5,11,11.6043
2017,mining,IL,LA,15,0.00196,208017645.4,8,1.28688
2017,mining,AZ,TX,32,0.00188,1121746963.7,152,1.04584
2017,mining,WI,OH,31,0.00169,234117145.1,33,1.21288
2017,other,GA,FL,43,0.00874,19727976591.4,753,1.43129
2017,other,IN,GA,21,0.00559,4492391863.6,35,2.73859
2017,other,KY,TN,43,0.00424,3232677882.6,299,2.89092
2017,other,PA,NJ,43,0.00376,4991966112.5,496,1.84103
2017,other,MI,OH,43,0.00375,2831789445.5,216,2.92434
2017,other,NC,NY,35,0.00375,2491337629.4,70,3.38313
2017,other,PA,MS,34,0.00336,2510923371.9,4,2.95491
2017,other,NC,OH,21,0.00311,2920557563.0,18,2.3651
2017,other,WI,IL,43,0.00307,5713133832.6,495,1.54522
2017,other,NC,SC,43,0.0029,3768398888.6,318,1.8638
2017,wholesale,NY,KY,21,0.00361,5340170002.0,60,3.63726
2017,wholesale,IN,OH,43,0.00304,7800528662.3,660,2.10115
2017,wholesale,TN,GA,43,0.00295,11065345897.1,366,1.66367
2017,wholesale,PA,NY,21,0.00239,7353265004.5,401,1.85855
2017,wholesale,IL,WI,21,0.0023,11781776645.2,257,1.45092
2017,wholesale,MN,TN,38,0.00228,4802512585.5,48,2.47476
2017,wholesale,TX,OH,21,0.00217,3936074730.5,26,2.86477
2017,wholesale,CO,IL,38,0.00213,4234915820.7,89,2.61488
2017,wholesale,MA,CT,21,0.00211,4758383418.4,42,2.33096
2017,wholesale,NC,SC,21,0.00209,6312529469.6,499,1.88203
2022,manufacturing,OH,CA,36,0.00401,23156137400.0,1217,1.72072
2022,manufacturing,NY,IN,21,0.00296,13142694492.3,105,2.0268
2022,manufacturing,CA,WI,34,0.00279,5377019918.8,343,5.0787
2022,manufacturing,AL,NJ,36,0.00273,13317796923.5,146,1.90234
2022,manufacturing,AL,GA,36,0.00264,13883781238.4,1953,1.81459
2022,manufacturing,VA,AZ,37,0.00197,2192649091.7,26,16.74229
2022,manufacturing,IL,LA,07,0.00196,5103222787.5,32,3.33322
2022,manufacturing,CT,NC,37,0.00194,10680612963.1,13,1.76722
2022,manufacturing,CA,VA,20,0.00179,2333198875.2,30,11.11256
2022,manufacturing,IL,IN,17,0.00175,5744929579.9,174,2.60108
2022,mining,PA,FL,12,0.00379,26400707.6,79,30.38663
2022,mining,WY,KS,13,0.0032,68509830.3,101,3.03678
2022,mining,CA,KS,20,0.00249,83249019.4,20,2.03674
2022,mining,VA,OH,15,0.00231,279783784.4,5,1.21704
2022,mining,WY,TX,15,0.00227,1153420625.3,108,1.04786
2022,mining,MO,TX,12,0.0019,98372256.8,180,1.584
2022,mining,CA,TX,20,0.00187,86301081.6,20,1.67492
2022,mining,CA,OR,13,0.00186,15498392.3,113,17.4233
2022,mining,KY,LA,12,0.00181,51773299.1,90,2.29586
2022,mining,IL,LA,15,0.0016,215836350.3,2,1.19216
2022,other,IN,MI,43,0.00613,21569584143.9,4190,1.37328
2022,other,GA,OH,21,0.00581,11092879560.3,1023,1.79528
2022,other,OR,WA,43,0.00541,20773401871.5,990,1.33745
2022,other,MO,MI,35,0.00436,7577553552.7,172,1.90169
2022,other,WI,WA,35,0.00342,2697583362.0,508,4.12171
2022,other,MO,IL,43,0.00331,2722446138.5,3294,3.88233
2022,other,CA,IN,29,0.00326,3158355641.7,4089,3.17058
2022,other,OR,ID,35,0.00306,2397651682.2,48,4.15949
2022,other,TX,LA,43,0.00298,4586193839.7,2543,2.06471
2022,other,NC,VA,43,0.00286,2934286452.0,2824,2.96625
2022,wholesale,PA,OH,21,0.00565,25142212818.5,1851,1.72778
2022,wholesale,IL,WI,21,0.00514,16967341189.0,3224,2.09202
2022,wholesale,NC,FL,23,0.00427,15889493129.2,499,1.92387
2022,wholesale,NY,NJ,21,0.00355,7207632430.1,418,3.31418
2022,wholesale,TX,LA,21,0.00338,14959162003.9,5745,1.73284
2022,wholesale,GA,SC,21,0.00329,8002433047.9,2153,2.72269
2022,wholesale,NJ,TN,21,0.00325,6684332049.7,65,3.26882
2022,wholesale,TN,AR,21,0.00299,11122884150.7,273,1.92314
2022,wholesale,OH,KY,21,0.00296,8959451631.0,2894,2.23614
2022,wholesale,FL,CA,21,0.00295,5022843250.6,367,4.1766
