d,SCTG,o,usd,records,dc_usd,dc_records,share,class
AK,43,WA,1865238100.4,251,2101913747.7,364,0.8874,scrap and mixed
AR,15,WY,162828522.3,35,170827509.7,44,0.9532,bulk minerals
AZ,03,CA,1202015855.6,334,2284497373.9,642,0.5262,farm and food
AZ,08,CA,788929583.3,162,1317027584.0,325,0.599,farm and food
CO,15,WY,53047059.6,20,53047059.6,20,1.0,bulk minerals
CT,12,MA,7109856.9,118,10053206.5,132,0.7072,bulk minerals
DC,03,MD,77229087.5,50,125550949.2,97,0.6151,farm and food
DC,05,MD,271856948.0,115,455414130.3,250,0.5969,farm and food
DC,06,MD,167409316.3,348,256377674.6,494,0.653,farm and food
DC,07,MD,260753098.8,204,480664140.4,282,0.5425,farm and food
DC,11,MD,100582.3,3,136702.3,5,0.7358,bulk minerals
DC,17,VA,18526035.5,6,19229556.8,7,0.9634,fuels
DC,19,MD,4057006.5,5,7110945.8,12,0.5705,fuels
DE,02,MD,105618088.0,70,161789635.8,105,0.6528,farm and food
HI,03,CA,86200793.2,28,114223258.3,52,0.7547,farm and food
HI,05,CA,203960295.0,49,243736125.1,75,0.8368,farm and food
HI,06,CA,149524466.4,38,155867610.1,47,0.9593,farm and food
HI,07,CA,559260064.9,105,688819390.7,170,0.8119,farm and food
HI,43,CA,3048465923.3,127,3129167328.7,221,0.9742,scrap and mixed
IA,15,WY,188220067.7,29,201291293.9,39,0.9351,bulk minerals
ID,12,WA,2260232.3,35,3133763.3,37,0.7213,bulk minerals
IN,14,MN,610263538.9,14,722335248.2,127,0.8448,bulk minerals
IN,17,IL,3824370174.4,53,6131756608.3,146,0.6237,fuels
KS,15,WY,68479210.7,11,108559277.0,159,0.6308,bulk minerals
KY,02,IN,14881961.1,13,22573689.1,37,0.6593,farm and food
MD,12,PA,41487101.3,132,79575701.2,243,0.5214,bulk minerals
ME,18,NH,577465860.9,23,582852883.9,26,0.9908,fuels
MI,14,MN,232235464.0,6,418497288.3,132,0.5549,bulk minerals
MN,11,WI,195453421.2,155,251989178.7,183,0.7756,bulk minerals
MN,12,WI,127248251.5,149,211716651.9,423,0.601,bulk minerals
MS,17,LA,2840525399.4,64,4177125001.5,152,0.68,fuels
MS,18,LA,2687984455.7,37,3226724670.1,128,0.833,fuels
ND,02,MN,893655001.2,120,1150860150.4,166,0.7765,farm and food
NE,15,WY,56424579.5,12,56424579.5,12,1.0,bulk minerals
NH,17,MA,7918887859.9,165,8434788730.4,234,0.9388,fuels
NH,18,MA,139053037.0,49,188748340.8,82,0.7367,fuels
NH,21,MA,4446299375.0,124,5883388571.4,492,0.7557,chemicals
NJ,03,NY,2823200015.9,225,4669039633.5,880,0.6047,farm and food
NM,15,CO,22758227.3,70,22767664.7,71,0.9996,bulk minerals
NM,18,TX,702290657.5,15,707286869.1,18,0.9929,fuels
NM,21,AZ,2136883131.2,139,3335287699.3,474,0.6407,chemicals
NV,21,CA,6299044528.3,224,7859329185.4,588,0.8015,chemicals
NV,22,CA,104461480.7,33,168849090.6,62,0.6187,chemicals
OK,15,WY,81837301.4,19,82199863.6,20,0.9956,bulk minerals
OR,08,CA,316316794.4,86,577382052.4,217,0.5478,farm and food
OR,18,WA,542327922.8,53,582589454.3,65,0.9309,fuels
OR,43,WA,4314199578.2,1229,7597948053.0,2416,0.5678,scrap and mixed
PA,15,WV,1095260701.8,138,1272919376.0,175,0.8604,bulk minerals
SD,15,WY,16124834.3,49,16124834.3,49,1.0,bulk minerals
TN,15,KY,327377701.6,127,456326312.1,152,0.7174,bulk minerals
TX,15,WY,552011830.5,154,622604726.2,169,0.8866,bulk minerals
TX,18,LA,2491728054.7,23,4099486211.1,247,0.6078,fuels
UT,15,CO,132648260.8,27,132950671.5,33,0.9977,bulk minerals
VA,15,WV,1692076803.0,76,2213502984.1,192,0.7644,bulk minerals
VT,21,MA,947729186.3,45,1528625109.6,233,0.62,chemicals
WA,43,OR,6759439952.4,1287,11902063237.7,3513,0.5679,scrap and mixed
WI,15,WY,250773304.6,53,356931558.4,84,0.7026,bulk minerals
WI,21,IL,11827959975.9,271,17301735511.9,1502,0.6836,chemicals
WV,17,KY,2023868896.3,49,2375391318.7,129,0.852,fuels
WY,13,UT,160952348.9,23,318846306.7,115,0.5048,bulk minerals
