year,k,delta,by,level,links,replaceable,thin,none,share_none
2012,1,0.0,all,all,502,180,131,191,0.3805
2017,1,0.0,all,all,441,132,110,199,0.4512
2022,1,0.0,all,all,435,131,108,196,0.4506
2012,1,0.0,persistence,persistent,60,7,14,39,0.65
2012,1,0.0,persistence,transient,442,173,117,152,0.3439
2017,1,0.0,persistence,persistent,60,6,16,38,0.6333
2017,1,0.0,persistence,transient,381,126,94,161,0.4226
2022,1,0.0,persistence,persistent,60,6,10,44,0.7333
2022,1,0.0,persistence,transient,375,125,98,152,0.4053
2012,1,0.0,commodity group,bulk minerals,170,73,44,53,0.3118
2012,1,0.0,commodity group,chemicals,36,15,9,12,0.3333
2012,1,0.0,commodity group,farm and food,101,48,18,35,0.3465
2012,1,0.0,commodity group,fuels,84,4,25,55,0.6548
2012,1,0.0,commodity group,machinery and vehicles,22,17,3,2,0.0909
2012,1,0.0,commodity group,metals and minerals,9,0,5,4,0.4444
2012,1,0.0,commodity group,other manufactured,9,2,4,3,0.3333
2012,1,0.0,commodity group,scrap and mixed,24,6,5,13,0.5417
2012,1,0.0,commodity group,wood and paper,47,15,18,14,0.2979
2017,1,0.0,commodity group,bulk minerals,148,55,35,58,0.3919
2017,1,0.0,commodity group,chemicals,33,4,12,17,0.5152
2017,1,0.0,commodity group,farm and food,91,27,24,40,0.4396
2017,1,0.0,commodity group,fuels,81,19,19,43,0.5309
2017,1,0.0,commodity group,machinery and vehicles,13,9,2,2,0.1538
2017,1,0.0,commodity group,metals and minerals,6,0,1,5,0.8333
2017,1,0.0,commodity group,other manufactured,3,0,0,3,1.0
2017,1,0.0,commodity group,scrap and mixed,22,3,4,15,0.6818
2017,1,0.0,commodity group,wood and paper,44,15,13,16,0.3636
2022,1,0.0,commodity group,bulk minerals,147,49,39,59,0.4014
2022,1,0.0,commodity group,chemicals,35,7,10,18,0.5143
2022,1,0.0,commodity group,farm and food,80,29,13,38,0.475
2022,1,0.0,commodity group,fuels,78,16,23,39,0.5
2022,1,0.0,commodity group,machinery and vehicles,15,7,2,6,0.4
2022,1,0.0,commodity group,metals and minerals,6,1,1,4,0.6667
2022,1,0.0,commodity group,other manufactured,3,1,1,1,0.3333
2022,1,0.0,commodity group,scrap and mixed,24,7,8,9,0.375
2022,1,0.0,commodity group,wood and paper,47,14,11,22,0.4681
2012,1,0.0,destination role,Engine,22,7,6,9,0.4091
2012,1,0.0,destination role,Generalist,161,72,36,53,0.3292
2012,1,0.0,destination role,Market,116,39,29,48,0.4138
2012,1,0.0,destination role,Router,36,10,7,19,0.5278
2012,1,0.0,destination role,Specialist,75,23,21,31,0.4133
2012,1,0.0,destination role,Sustainer,92,29,32,31,0.337
2017,1,0.0,destination role,Engine,21,3,5,13,0.619
2017,1,0.0,destination role,Generalist,126,45,28,53,0.4206
2017,1,0.0,destination role,Market,108,23,25,60,0.5556
2017,1,0.0,destination role,Router,38,15,8,15,0.3947
2017,1,0.0,destination role,Specialist,66,17,19,30,0.4545
2017,1,0.0,destination role,Sustainer,82,29,25,28,0.3415
2022,1,0.0,destination role,Engine,21,4,8,9,0.4286
2022,1,0.0,destination role,Generalist,128,36,34,58,0.4531
2022,1,0.0,destination role,Market,112,35,21,56,0.5
2022,1,0.0,destination role,Router,46,12,11,23,0.5
2022,1,0.0,destination role,Specialist,58,20,18,20,0.3448
2022,1,0.0,destination role,Sustainer,70,24,16,30,0.4286
2012,1,0.25,all,all,502,218,137,147,0.2928
2017,1,0.25,all,all,441,171,126,144,0.3265
2022,1,0.25,all,all,435,174,108,153,0.3517
2012,1,0.25,persistence,persistent,60,14,14,32,0.5333
2012,1,0.25,persistence,transient,442,204,123,115,0.2602
2017,1,0.25,persistence,persistent,60,13,19,28,0.4667
2017,1,0.25,persistence,transient,381,158,107,116,0.3045
2022,1,0.25,persistence,persistent,60,13,14,33,0.55
2022,1,0.25,persistence,transient,375,161,94,120,0.32
2012,1,0.25,commodity group,bulk minerals,170,84,44,42,0.2471
2012,1,0.25,commodity group,chemicals,36,18,9,9,0.25
2012,1,0.25,commodity group,farm and food,101,60,17,24,0.2376
2012,1,0.25,commodity group,fuels,84,7,28,49,0.5833
2012,1,0.25,commodity group,machinery and vehicles,22,18,2,2,0.0909
2012,1,0.25,commodity group,metals and minerals,9,1,5,3,0.3333
2012,1,0.25,commodity group,other manufactured,9,4,2,3,0.3333
2012,1,0.25,commodity group,scrap and mixed,24,8,10,6,0.25
2012,1,0.25,commodity group,wood and paper,47,18,20,9,0.1915
2017,1,0.25,commodity group,bulk minerals,148,62,43,43,0.2905
2017,1,0.25,commodity group,chemicals,33,10,14,9,0.2727
2017,1,0.25,commodity group,farm and food,91,40,22,29,0.3187
2017,1,0.25,commodity group,fuels,81,24,18,39,0.4815
2017,1,0.25,commodity group,machinery and vehicles,13,9,3,1,0.0769
2017,1,0.25,commodity group,metals and minerals,6,2,2,2,0.3333
2017,1,0.25,commodity group,other manufactured,3,0,3,0,0.0
2017,1,0.25,commodity group,scrap and mixed,22,5,7,10,0.4545
2017,1,0.25,commodity group,wood and paper,44,19,14,11,0.25
2022,1,0.25,commodity group,bulk minerals,147,62,38,47,0.3197
2022,1,0.25,commodity group,chemicals,35,12,9,14,0.4
2022,1,0.25,commodity group,farm and food,80,37,17,26,0.325
2022,1,0.25,commodity group,fuels,78,22,22,34,0.4359
2022,1,0.25,commodity group,machinery and vehicles,15,8,4,3,0.2
2022,1,0.25,commodity group,metals and minerals,6,1,3,2,0.3333
2022,1,0.25,commodity group,other manufactured,3,1,1,1,0.3333
2022,1,0.25,commodity group,scrap and mixed,24,11,7,6,0.25
2022,1,0.25,commodity group,wood and paper,47,20,7,20,0.4255
2012,1,0.25,destination role,Engine,22,11,2,9,0.4091
2012,1,0.25,destination role,Generalist,161,78,40,43,0.2671
2012,1,0.25,destination role,Market,116,54,31,31,0.2672
2012,1,0.25,destination role,Router,36,10,8,18,0.5
2012,1,0.25,destination role,Specialist,75,25,28,22,0.2933
2012,1,0.25,destination role,Sustainer,92,40,28,24,0.2609
2017,1,0.25,destination role,Engine,21,7,2,12,0.5714
2017,1,0.25,destination role,Generalist,126,48,34,44,0.3492
2017,1,0.25,destination role,Market,108,43,29,36,0.3333
2017,1,0.25,destination role,Router,38,18,9,11,0.2895
2017,1,0.25,destination role,Specialist,66,21,25,20,0.303
2017,1,0.25,destination role,Sustainer,82,34,27,21,0.2561
2022,1,0.25,destination role,Engine,21,7,5,9,0.4286
2022,1,0.25,destination role,Generalist,128,44,37,47,0.3672
2022,1,0.25,destination role,Market,112,51,23,38,0.3393
2022,1,0.25,destination role,Router,46,16,11,19,0.413
2022,1,0.25,destination role,Specialist,58,25,17,16,0.2759
2022,1,0.25,destination role,Sustainer,70,31,15,24,0.3429
2012,1,1.0,all,all,502,297,113,92,0.1833
2017,1,1.0,all,all,441,242,100,99,0.2245
2022,1,1.0,all,all,435,234,96,105,0.2414
2012,1,1.0,persistence,persistent,60,22,15,23,0.3833
2012,1,1.0,persistence,transient,442,275,98,69,0.1561
2017,1,1.0,persistence,persistent,60,20,16,24,0.4
2017,1,1.0,persistence,transient,381,222,84,75,0.1969
2022,1,1.0,persistence,persistent,60,18,14,28,0.4667
2022,1,1.0,persistence,transient,375,216,82,77,0.2053
2012,1,1.0,commodity group,bulk minerals,170,110,37,23,0.1353
2012,1,1.0,commodity group,chemicals,36,25,4,7,0.1944
2012,1,1.0,commodity group,farm and food,101,72,15,14,0.1386
2012,1,1.0,commodity group,fuels,84,16,31,37,0.4405
2012,1,1.0,commodity group,machinery and vehicles,22,20,0,2,0.0909
2012,1,1.0,commodity group,metals and minerals,9,5,4,0,0.0
2012,1,1.0,commodity group,other manufactured,9,5,3,1,0.1111
2012,1,1.0,commodity group,scrap and mixed,24,16,4,4,0.1667
2012,1,1.0,commodity group,wood and paper,47,28,15,4,0.0851
2017,1,1.0,commodity group,bulk minerals,148,87,32,29,0.1959
2017,1,1.0,commodity group,chemicals,33,16,13,4,0.1212
2017,1,1.0,commodity group,farm and food,91,52,22,17,0.1868
2017,1,1.0,commodity group,fuels,81,36,14,31,0.3827
2017,1,1.0,commodity group,machinery and vehicles,13,11,1,1,0.0769
2017,1,1.0,commodity group,metals and minerals,6,3,1,2,0.3333
2017,1,1.0,commodity group,other manufactured,3,2,1,0,0.0
2017,1,1.0,commodity group,scrap and mixed,22,8,9,5,0.2273
2017,1,1.0,commodity group,wood and paper,44,27,7,10,0.2273
2022,1,1.0,commodity group,bulk minerals,147,80,31,36,0.2449
2022,1,1.0,commodity group,chemicals,35,18,11,6,0.1714
2022,1,1.0,commodity group,farm and food,80,50,14,16,0.2
2022,1,1.0,commodity group,fuels,78,30,21,27,0.3462
2022,1,1.0,commodity group,machinery and vehicles,15,11,2,2,0.1333
2022,1,1.0,commodity group,metals and minerals,6,3,3,0,0.0
2022,1,1.0,commodity group,other manufactured,3,2,1,0,0.0
2022,1,1.0,commodity group,scrap and mixed,24,14,5,5,0.2083
2022,1,1.0,commodity group,wood and paper,47,26,8,13,0.2766
2012,1,1.0,destination role,Engine,22,12,3,7,0.3182
2012,1,1.0,destination role,Generalist,161,93,41,27,0.1677
2012,1,1.0,destination role,Market,116,71,27,18,0.1552
2012,1,1.0,destination role,Router,36,19,6,11,0.3056
2012,1,1.0,destination role,Specialist,75,41,18,16,0.2133
2012,1,1.0,destination role,Sustainer,92,61,18,13,0.1413
2017,1,1.0,destination role,Engine,21,9,5,7,0.3333
2017,1,1.0,destination role,Generalist,126,65,28,33,0.2619
2017,1,1.0,destination role,Market,108,62,22,24,0.2222
2017,1,1.0,destination role,Router,38,23,6,9,0.2368
2017,1,1.0,destination role,Specialist,66,30,22,14,0.2121
2017,1,1.0,destination role,Sustainer,82,53,17,12,0.1463
2022,1,1.0,destination role,Engine,21,10,4,7,0.3333
2022,1,1.0,destination role,Generalist,128,63,37,28,0.2188
2022,1,1.0,destination role,Market,112,66,23,23,0.2054
2022,1,1.0,destination role,Router,46,23,6,17,0.3696
2022,1,1.0,destination role,Specialist,58,33,14,11,0.1897
2022,1,1.0,destination role,Sustainer,70,39,12,19,0.2714
2012,2,0.0,all,all,502,148,121,233,0.4641
2017,2,0.0,all,all,441,104,110,227,0.5147
2022,2,0.0,all,all,435,114,100,221,0.508
2012,2,0.0,persistence,persistent,60,6,12,42,0.7
2012,2,0.0,persistence,transient,442,142,109,191,0.4321
2017,2,0.0,persistence,persistent,60,4,14,42,0.7
2017,2,0.0,persistence,transient,381,100,96,185,0.4856
2022,2,0.0,persistence,persistent,60,5,8,47,0.7833
2022,2,0.0,persistence,transient,375,109,92,174,0.464
2012,2,0.0,commodity group,bulk minerals,170,59,46,65,0.3824
2012,2,0.0,commodity group,chemicals,36,10,12,14,0.3889
2012,2,0.0,commodity group,farm and food,101,40,20,41,0.4059
2012,2,0.0,commodity group,fuels,84,4,13,67,0.7976
2012,2,0.0,commodity group,machinery and vehicles,22,14,3,5,0.2273
2012,2,0.0,commodity group,metals and minerals,9,0,3,6,0.6667
2012,2,0.0,commodity group,other manufactured,9,2,3,4,0.4444
2012,2,0.0,commodity group,scrap and mixed,24,5,6,13,0.5417
2012,2,0.0,commodity group,wood and paper,47,14,15,18,0.383
2017,2,0.0,commodity group,bulk minerals,148,44,32,72,0.4865
2017,2,0.0,commodity group,chemicals,33,4,11,18,0.5455
2017,2,0.0,commodity group,farm and food,91,22,26,43,0.4725
2017,2,0.0,commodity group,fuels,81,11,22,48,0.5926
2017,2,0.0,commodity group,machinery and vehicles,13,8,3,2,0.1538
2017,2,0.0,commodity group,metals and minerals,6,0,0,6,1.0
2017,2,0.0,commodity group,other manufactured,3,0,0,3,1.0
2017,2,0.0,commodity group,scrap and mixed,22,2,5,15,0.6818
2017,2,0.0,commodity group,wood and paper,44,13,11,20,0.4545
2022,2,0.0,commodity group,bulk minerals,147,42,42,63,0.4286
2022,2,0.0,commodity group,chemicals,35,4,9,22,0.6286
2022,2,0.0,commodity group,farm and food,80,27,11,42,0.525
2022,2,0.0,commodity group,fuels,78,13,23,42,0.5385
2022,2,0.0,commodity group,machinery and vehicles,15,6,1,8,0.5333
2022,2,0.0,commodity group,metals and minerals,6,1,1,4,0.6667
2022,2,0.0,commodity group,other manufactured,3,1,0,2,0.6667
2022,2,0.0,commodity group,scrap and mixed,24,7,4,13,0.5417
2022,2,0.0,commodity group,wood and paper,47,13,9,25,0.5319
2012,2,0.0,destination role,Engine,22,3,7,12,0.5455
2012,2,0.0,destination role,Generalist,161,57,35,69,0.4286
2012,2,0.0,destination role,Market,116,34,28,54,0.4655
2012,2,0.0,destination role,Router,36,8,8,20,0.5556
2012,2,0.0,destination role,Specialist,75,23,16,36,0.48
2012,2,0.0,destination role,Sustainer,92,23,27,42,0.4565
2017,2,0.0,destination role,Engine,21,2,5,14,0.6667
2017,2,0.0,destination role,Generalist,126,34,33,59,0.4683
2017,2,0.0,destination role,Market,108,23,23,62,0.5741
2017,2,0.0,destination role,Router,38,7,10,21,0.5526
2017,2,0.0,destination role,Specialist,66,16,19,31,0.4697
2017,2,0.0,destination role,Sustainer,82,22,20,40,0.4878
2022,2,0.0,destination role,Engine,21,3,7,11,0.5238
2022,2,0.0,destination role,Generalist,128,34,29,65,0.5078
2022,2,0.0,destination role,Market,112,32,20,60,0.5357
2022,2,0.0,destination role,Router,46,10,11,25,0.5435
2022,2,0.0,destination role,Specialist,58,18,16,24,0.4138
2022,2,0.0,destination role,Sustainer,70,17,17,36,0.5143
2012,2,0.25,all,all,502,185,125,192,0.3825
2017,2,0.25,all,all,441,141,119,181,0.4104
2022,2,0.25,all,all,435,151,106,178,0.4092
2012,2,0.25,persistence,persistent,60,12,13,35,0.5833
2012,2,0.25,persistence,transient,442,173,112,157,0.3552
2017,2,0.25,persistence,persistent,60,10,17,33,0.55
2017,2,0.25,persistence,transient,381,131,102,148,0.3885
2022,2,0.25,persistence,persistent,60,11,12,37,0.6167
2022,2,0.25,persistence,transient,375,140,94,141,0.376
2012,2,0.25,commodity group,bulk minerals,170,70,47,53,0.3118
2012,2,0.25,commodity group,chemicals,36,14,11,11,0.3056
2012,2,0.25,commodity group,farm and food,101,51,20,30,0.297
2012,2,0.25,commodity group,fuels,84,6,14,64,0.7619
2012,2,0.25,commodity group,machinery and vehicles,22,15,5,2,0.0909
2012,2,0.25,commodity group,metals and minerals,9,1,2,6,0.6667
2012,2,0.25,commodity group,other manufactured,9,4,2,3,0.3333
2012,2,0.25,commodity group,scrap and mixed,24,7,8,9,0.375
2012,2,0.25,commodity group,wood and paper,47,17,16,14,0.2979
2017,2,0.25,commodity group,bulk minerals,148,52,36,60,0.4054
2017,2,0.25,commodity group,chemicals,33,9,13,11,0.3333
2017,2,0.25,commodity group,farm and food,91,35,23,33,0.3626
2017,2,0.25,commodity group,fuels,81,17,20,44,0.5432
2017,2,0.25,commodity group,machinery and vehicles,13,8,3,2,0.1538
2017,2,0.25,commodity group,metals and minerals,6,1,2,3,0.5
2017,2,0.25,commodity group,other manufactured,3,0,1,2,0.6667
2017,2,0.25,commodity group,scrap and mixed,22,4,7,11,0.5
2017,2,0.25,commodity group,wood and paper,44,15,14,15,0.3409
2022,2,0.25,commodity group,bulk minerals,147,54,40,53,0.3605
2022,2,0.25,commodity group,chemicals,35,9,11,15,0.4286
2022,2,0.25,commodity group,farm and food,80,35,14,31,0.3875
2022,2,0.25,commodity group,fuels,78,18,22,38,0.4872
2022,2,0.25,commodity group,machinery and vehicles,15,6,4,5,0.3333
2022,2,0.25,commodity group,metals and minerals,6,1,3,2,0.3333
2022,2,0.25,commodity group,other manufactured,3,1,1,1,0.3333
2022,2,0.25,commodity group,scrap and mixed,24,8,5,11,0.4583
2022,2,0.25,commodity group,wood and paper,47,19,6,22,0.4681
2012,2,0.25,destination role,Engine,22,6,4,12,0.5455
2012,2,0.25,destination role,Generalist,161,65,35,61,0.3789
2012,2,0.25,destination role,Market,116,49,28,39,0.3362
2012,2,0.25,destination role,Router,36,9,8,19,0.5278
2012,2,0.25,destination role,Specialist,75,25,22,28,0.3733
2012,2,0.25,destination role,Sustainer,92,31,28,33,0.3587
2017,2,0.25,destination role,Engine,21,3,5,13,0.619
2017,2,0.25,destination role,Generalist,126,40,34,52,0.4127
2017,2,0.25,destination role,Market,108,41,28,39,0.3611
2017,2,0.25,destination role,Router,38,11,9,18,0.4737
2017,2,0.25,destination role,Specialist,66,19,22,25,0.3788
2017,2,0.25,destination role,Sustainer,82,27,21,34,0.4146
2022,2,0.25,destination role,Engine,21,5,5,11,0.5238
2022,2,0.25,destination role,Generalist,128,39,36,53,0.4141
2022,2,0.25,destination role,Market,112,47,22,43,0.3839
2022,2,0.25,destination role,Router,46,15,9,22,0.4783
2022,2,0.25,destination role,Specialist,58,22,15,21,0.3621
2022,2,0.25,destination role,Sustainer,70,23,19,28,0.4
2012,2,1.0,all,all,502,263,110,129,0.257
2017,2,1.0,all,all,441,206,110,125,0.2834
2022,2,1.0,all,all,435,207,96,132,0.3034
2012,2,1.0,persistence,persistent,60,20,11,29,0.4833
2012,2,1.0,persistence,transient,442,243,99,100,0.2262
2017,2,1.0,persistence,persistent,60,15,16,29,0.4833
2017,2,1.0,persistence,transient,381,191,94,96,0.252
2022,2,1.0,persistence,persistent,60,14,15,31,0.5167
2022,2,1.0,persistence,transient,375,193,81,101,0.2693
2012,2,1.0,commodity group,bulk minerals,170,102,34,34,0.2
2012,2,1.0,commodity group,chemicals,36,21,6,9,0.25
2012,2,1.0,commodity group,farm and food,101,66,16,19,0.1881
2012,2,1.0,commodity group,fuels,84,10,25,49,0.5833
2012,2,1.0,commodity group,machinery and vehicles,22,18,2,2,0.0909
2012,2,1.0,commodity group,metals and minerals,9,3,5,1,0.1111
2012,2,1.0,commodity group,other manufactured,9,4,4,1,0.1111
2012,2,1.0,commodity group,scrap and mixed,24,15,2,7,0.2917
2012,2,1.0,commodity group,wood and paper,47,24,16,7,0.1489
2017,2,1.0,commodity group,bulk minerals,148,76,28,44,0.2973
2017,2,1.0,commodity group,chemicals,33,14,14,5,0.1515
2017,2,1.0,commodity group,farm and food,91,46,24,21,0.2308
2017,2,1.0,commodity group,fuels,81,26,20,35,0.4321
2017,2,1.0,commodity group,machinery and vehicles,13,10,2,1,0.0769
2017,2,1.0,commodity group,metals and minerals,6,3,1,2,0.3333
2017,2,1.0,commodity group,other manufactured,3,1,2,0,0.0
2017,2,1.0,commodity group,scrap and mixed,22,8,9,5,0.2273
2017,2,1.0,commodity group,wood and paper,44,22,10,12,0.2727
2022,2,1.0,commodity group,bulk minerals,147,73,29,45,0.3061
2022,2,1.0,commodity group,chemicals,35,14,13,8,0.2286
2022,2,1.0,commodity group,farm and food,80,45,16,19,0.2375
2022,2,1.0,commodity group,fuels,78,27,17,34,0.4359
2022,2,1.0,commodity group,machinery and vehicles,15,9,3,3,0.2
2022,2,1.0,commodity group,metals and minerals,6,3,2,1,0.1667
2022,2,1.0,commodity group,other manufactured,3,1,2,0,0.0
2022,2,1.0,commodity group,scrap and mixed,24,11,6,7,0.2917
2022,2,1.0,commodity group,wood and paper,47,24,8,15,0.3191
2012,2,1.0,destination role,Engine,22,9,4,9,0.4091
2012,2,1.0,destination role,Generalist,161,84,36,41,0.2547
2012,2,1.0,destination role,Market,116,66,24,26,0.2241
2012,2,1.0,destination role,Router,36,14,11,11,0.3056
2012,2,1.0,destination role,Specialist,75,36,19,20,0.2667
2012,2,1.0,destination role,Sustainer,92,54,16,22,0.2391
2017,2,1.0,destination role,Engine,21,7,3,11,0.5238
2017,2,1.0,destination role,Generalist,126,58,30,38,0.3016
2017,2,1.0,destination role,Market,108,59,23,26,0.2407
2017,2,1.0,destination role,Router,38,15,12,11,0.2895
2017,2,1.0,destination role,Specialist,66,26,21,19,0.2879
2017,2,1.0,destination role,Sustainer,82,41,21,20,0.2439
2022,2,1.0,destination role,Engine,21,6,6,9,0.4286
2022,2,1.0,destination role,Generalist,128,56,35,37,0.2891
2022,2,1.0,destination role,Market,112,63,20,29,0.2589
2022,2,1.0,destination role,Router,46,20,6,20,0.4348
2022,2,1.0,destination role,Specialist,58,30,14,14,0.2414
2022,2,1.0,destination role,Sustainer,70,32,15,23,0.3286
2012,5,0.0,all,all,502,110,98,294,0.5857
2017,5,0.0,all,all,441,69,89,283,0.6417
2022,5,0.0,all,all,435,87,99,249,0.5724
2012,5,0.0,persistence,persistent,60,2,9,49,0.8167
2012,5,0.0,persistence,transient,442,108,89,245,0.5543
2017,5,0.0,persistence,persistent,60,2,13,45,0.75
2017,5,0.0,persistence,transient,381,67,76,238,0.6247
2022,5,0.0,persistence,persistent,60,4,8,48,0.8
2022,5,0.0,persistence,transient,375,83,91,201,0.536
2012,5,0.0,commodity group,bulk minerals,170,42,44,84,0.4941
2012,5,0.0,commodity group,chemicals,36,7,8,21,0.5833
2012,5,0.0,commodity group,farm and food,101,31,18,52,0.5149
2012,5,0.0,commodity group,fuels,84,2,5,77,0.9167
2012,5,0.0,commodity group,machinery and vehicles,22,9,7,6,0.2727
2012,5,0.0,commodity group,metals and minerals,9,0,2,7,0.7778
2012,5,0.0,commodity group,other manufactured,9,2,2,5,0.5556
2012,5,0.0,commodity group,scrap and mixed,24,4,4,16,0.6667
2012,5,0.0,commodity group,wood and paper,47,13,8,26,0.5532
2017,5,0.0,commodity group,bulk minerals,148,31,31,86,0.5811
2017,5,0.0,commodity group,chemicals,33,2,8,23,0.697
2017,5,0.0,commodity group,farm and food,91,16,19,56,0.6154
2017,5,0.0,commodity group,fuels,81,7,15,59,0.7284
2017,5,0.0,commodity group,machinery and vehicles,13,3,5,5,0.3846
2017,5,0.0,commodity group,metals and minerals,6,0,0,6,1.0
2017,5,0.0,commodity group,other manufactured,3,0,0,3,1.0
2017,5,0.0,commodity group,scrap and mixed,22,2,2,18,0.8182
2017,5,0.0,commodity group,wood and paper,44,8,9,27,0.6136
2022,5,0.0,commodity group,bulk minerals,147,32,45,70,0.4762
2022,5,0.0,commodity group,chemicals,35,2,9,24,0.6857
2022,5,0.0,commodity group,farm and food,80,22,9,49,0.6125
2022,5,0.0,commodity group,fuels,78,9,19,50,0.641
2022,5,0.0,commodity group,machinery and vehicles,15,5,1,9,0.6
2022,5,0.0,commodity group,metals and minerals,6,0,2,4,0.6667
2022,5,0.0,commodity group,other manufactured,3,1,0,2,0.6667
2022,5,0.0,commodity group,scrap and mixed,24,4,5,15,0.625
2022,5,0.0,commodity group,wood and paper,47,12,9,26,0.5532
2012,5,0.0,destination role,Engine,22,0,6,16,0.7273
2012,5,0.0,destination role,Generalist,161,39,35,87,0.5404
2012,5,0.0,destination role,Market,116,32,21,63,0.5431
2012,5,0.0,destination role,Router,36,4,5,27,0.75
2012,5,0.0,destination role,Specialist,75,18,13,44,0.5867
2012,5,0.0,destination role,Sustainer,92,17,18,57,0.6196
2017,5,0.0,destination role,Engine,21,1,2,18,0.8571
2017,5,0.0,destination role,Generalist,126,21,32,73,0.5794
2017,5,0.0,destination role,Market,108,19,18,71,0.6574
2017,5,0.0,destination role,Router,38,4,7,27,0.7105
2017,5,0.0,destination role,Specialist,66,12,16,38,0.5758
2017,5,0.0,destination role,Sustainer,82,12,14,56,0.6829
2022,5,0.0,destination role,Engine,21,3,5,13,0.619
2022,5,0.0,destination role,Generalist,128,24,35,69,0.5391
2022,5,0.0,destination role,Market,112,28,20,64,0.5714
2022,5,0.0,destination role,Router,46,7,9,30,0.6522
2022,5,0.0,destination role,Specialist,58,12,17,29,0.5
2022,5,0.0,destination role,Sustainer,70,13,13,44,0.6286
2012,5,0.25,all,all,502,145,99,258,0.5139
2017,5,0.25,all,all,441,91,112,238,0.5397
2022,5,0.25,all,all,435,122,95,218,0.5011
2012,5,0.25,persistence,persistent,60,9,7,44,0.7333
2012,5,0.25,persistence,transient,442,136,92,214,0.4842
2017,5,0.25,persistence,persistent,60,7,13,40,0.6667
2017,5,0.25,persistence,transient,381,84,99,198,0.5197
2022,5,0.25,persistence,persistent,60,10,10,40,0.6667
2022,5,0.25,persistence,transient,375,112,85,178,0.4747
2012,5,0.25,commodity group,bulk minerals,170,54,43,73,0.4294
2012,5,0.25,commodity group,chemicals,36,9,8,19,0.5278
2012,5,0.25,commodity group,farm and food,101,44,15,42,0.4158
2012,5,0.25,commodity group,fuels,84,2,9,73,0.869
2012,5,0.25,commodity group,machinery and vehicles,22,11,5,6,0.2727
2012,5,0.25,commodity group,metals and minerals,9,1,1,7,0.7778
2012,5,0.25,commodity group,other manufactured,9,4,1,4,0.4444
2012,5,0.25,commodity group,scrap and mixed,24,6,6,12,0.5
2012,5,0.25,commodity group,wood and paper,47,14,11,22,0.4681
2017,5,0.25,commodity group,bulk minerals,148,35,39,74,0.5
2017,5,0.25,commodity group,chemicals,33,6,12,15,0.4545
2017,5,0.25,commodity group,farm and food,91,24,24,43,0.4725
2017,5,0.25,commodity group,fuels,81,8,19,54,0.6667
2017,5,0.25,commodity group,machinery and vehicles,13,4,4,5,0.3846
2017,5,0.25,commodity group,metals and minerals,6,1,1,4,0.6667
2017,5,0.25,commodity group,other manufactured,3,0,0,3,1.0
2017,5,0.25,commodity group,scrap and mixed,22,2,3,17,0.7727
2017,5,0.25,commodity group,wood and paper,44,11,10,23,0.5227
2022,5,0.25,commodity group,bulk minerals,147,46,40,61,0.415
2022,5,0.25,commodity group,chemicals,35,5,9,21,0.6
2022,5,0.25,commodity group,farm and food,80,28,14,38,0.475
2022,5,0.25,commodity group,fuels,78,13,18,47,0.6026
2022,5,0.25,commodity group,machinery and vehicles,15,5,1,9,0.6
2022,5,0.25,commodity group,metals and minerals,6,1,2,3,0.5
2022,5,0.25,commodity group,other manufactured,3,1,0,2,0.6667
2022,5,0.25,commodity group,scrap and mixed,24,6,4,14,0.5833
2022,5,0.25,commodity group,wood and paper,47,17,7,23,0.4894
2012,5,0.25,destination role,Engine,22,1,6,15,0.6818
2012,5,0.25,destination role,Generalist,161,48,31,82,0.5093
2012,5,0.25,destination role,Market,116,46,21,49,0.4224
2012,5,0.25,destination role,Router,36,7,4,25,0.6944
2012,5,0.25,destination role,Specialist,75,22,15,38,0.5067
2012,5,0.25,destination role,Sustainer,92,21,22,49,0.5326
2017,5,0.25,destination role,Engine,21,1,3,17,0.8095
2017,5,0.25,destination role,Generalist,126,24,35,67,0.5317
2017,5,0.25,destination role,Market,108,32,27,49,0.4537
2017,5,0.25,destination role,Router,38,7,7,24,0.6316
2017,5,0.25,destination role,Specialist,66,13,19,34,0.5152
2017,5,0.25,destination role,Sustainer,82,14,21,47,0.5732
2022,5,0.25,destination role,Engine,21,5,3,13,0.619
2022,5,0.25,destination role,Generalist,128,32,33,63,0.4922
2022,5,0.25,destination role,Market,112,42,23,47,0.4196
2022,5,0.25,destination role,Router,46,11,9,26,0.5652
2022,5,0.25,destination role,Specialist,58,14,16,28,0.4828
2022,5,0.25,destination role,Sustainer,70,18,11,41,0.5857
2012,5,1.0,all,all,502,204,104,194,0.3865
2017,5,1.0,all,all,441,150,111,180,0.4082
2022,5,1.0,all,all,435,173,74,188,0.4322
2012,5,1.0,persistence,persistent,60,13,14,33,0.55
2012,5,1.0,persistence,transient,442,191,90,161,0.3643
2017,5,1.0,persistence,persistent,60,11,15,34,0.5667
2017,5,1.0,persistence,transient,381,139,96,146,0.3832
2022,5,1.0,persistence,persistent,60,13,8,39,0.65
2022,5,1.0,persistence,transient,375,160,66,149,0.3973
2012,5,1.0,commodity group,bulk minerals,170,79,44,47,0.2765
2012,5,1.0,commodity group,chemicals,36,14,9,13,0.3611
2012,5,1.0,commodity group,farm and food,101,54,19,28,0.2772
2012,5,1.0,commodity group,fuels,84,5,15,64,0.7619
2012,5,1.0,commodity group,machinery and vehicles,22,14,3,5,0.2273
2012,5,1.0,commodity group,metals and minerals,9,2,2,5,0.5556
2012,5,1.0,commodity group,other manufactured,9,4,1,4,0.4444
2012,5,1.0,commodity group,scrap and mixed,24,10,5,9,0.375
2012,5,1.0,commodity group,wood and paper,47,22,6,19,0.4043
2017,5,1.0,commodity group,bulk minerals,148,52,39,57,0.3851
2017,5,1.0,commodity group,chemicals,33,12,9,12,0.3636
2017,5,1.0,commodity group,farm and food,91,38,24,29,0.3187
2017,5,1.0,commodity group,fuels,81,16,21,44,0.5432
2017,5,1.0,commodity group,machinery and vehicles,13,7,2,4,0.3077
2017,5,1.0,commodity group,metals and minerals,6,2,0,4,0.6667
2017,5,1.0,commodity group,other manufactured,3,1,0,2,0.6667
2017,5,1.0,commodity group,scrap and mixed,22,6,5,11,0.5
2017,5,1.0,commodity group,wood and paper,44,16,11,17,0.3864
2022,5,1.0,commodity group,bulk minerals,147,61,33,53,0.3605
2022,5,1.0,commodity group,chemicals,35,11,5,19,0.5429
2022,5,1.0,commodity group,farm and food,80,41,7,32,0.4
2022,5,1.0,commodity group,fuels,78,21,13,44,0.5641
2022,5,1.0,commodity group,machinery and vehicles,15,5,4,6,0.4
2022,5,1.0,commodity group,metals and minerals,6,1,3,2,0.3333
2022,5,1.0,commodity group,other manufactured,3,1,0,2,0.6667
2022,5,1.0,commodity group,scrap and mixed,24,9,4,11,0.4583
2022,5,1.0,commodity group,wood and paper,47,23,5,19,0.4043
2012,5,1.0,destination role,Engine,22,4,5,13,0.5909
2012,5,1.0,destination role,Generalist,161,67,30,64,0.3975
2012,5,1.0,destination role,Market,116,62,19,35,0.3017
2012,5,1.0,destination role,Router,36,8,12,16,0.4444
2012,5,1.0,destination role,Specialist,75,31,15,29,0.3867
2012,5,1.0,destination role,Sustainer,92,32,23,37,0.4022
2017,5,1.0,destination role,Engine,21,2,4,15,0.7143
2017,5,1.0,destination role,Generalist,126,40,36,50,0.3968
2017,5,1.0,destination role,Market,108,53,23,32,0.2963
2017,5,1.0,destination role,Router,38,10,8,20,0.5263
2017,5,1.0,destination role,Specialist,66,22,17,27,0.4091
2017,5,1.0,destination role,Sustainer,82,23,23,36,0.439
2022,5,1.0,destination role,Engine,21,6,3,12,0.5714
2022,5,1.0,destination role,Generalist,128,45,31,52,0.4062
2022,5,1.0,destination role,Market,112,58,16,38,0.3393
2022,5,1.0,destination role,Router,46,18,4,24,0.5217
2022,5,1.0,destination role,Specialist,58,24,11,23,0.3966
2022,5,1.0,destination role,Sustainer,70,22,9,39,0.5571
