d,SCTG,o,group,delta_needed_k1_2012,delta_needed_k1_2017,delta_needed_k1_2022,r_2012,r_2017,r_2022,share_2012,share_2017,share_2022,usd_2012,usd_2017,usd_2022
DC,03,MD,farm and food,6.8125,1.6667,1.9524,8.0,9.0,21.0,0.6282,0.6151,0.9446,74273080.3,77229087.5,707866429.0
ME,18,NH,fuels,20.0,18.4286,4.1273,8.0,7.0,27.5,0.9614,0.9908,0.5316,325495588.7,577465860.9,1899742.4
MS,17,LA,fuels,3.031,4.0353,1.5726,129.0,85.0,124.0,0.7878,0.68,0.8519,8722962778.4,2840525399.4,7834580117.2
MS,18,LA,fuels,2.8643,6.3793,2.4355,110.5,58.0,124.0,0.891,0.833,0.8619,4968290900.0,2687984455.7,3422125807.0
NH,18,MA,fuels,10.6667,3.5,2.3429,9.0,20.0,35.0,0.7113,0.7367,0.7272,856064535.6,139053037.0,447576890.0
NJ,03,NY,farm and food,2.0,18.7143,3.2778,24.0,28.0,18.0,0.5108,0.6047,0.6202,1375629169.0,2823200015.9,4266988325.1
NM,15,CO,bulk minerals,3.4875,2.7953,2.5702,120.0,127.0,121.0,1.0,0.9996,1.0,49827512.2,22758227.3,10900618.3
NM,18,TX,fuels,3.0123,2.6596,3.9865,163.0,141.0,148.0,0.966,0.9929,0.7691,2118468667.5,702290657.5,1840216400.0
OR,18,WA,fuels,1.381,25.3704,11.1017,21.0,54.0,118.0,0.5735,0.9309,0.9365,155754505.6,542327922.8,2806403889.6
OR,43,WA,scrap and mixed,2.9412,3.6074,2.3333,136.0,135.0,171.0,0.5552,0.5678,0.5355,5375464738.7,4314199578.2,5013645988.3
PA,15,WV,bulk minerals,2.0471,4.5577,2.9589,85.0,52.0,73.0,0.846,0.8604,0.9137,1331972482.7,1095260701.8,755012428.8
SD,15,WY,bulk minerals,1.6306,1.5351,1.6783,111.0,114.0,115.0,1.0,1.0,1.0,17420152.7,16124834.3,43531348.9
WA,43,OR,scrap and mixed,3.8145,3.5892,3.3758,159.0,157.0,157.0,0.5894,0.5679,0.7661,8402621922.0,6759439952.4,23172024475.4
WI,21,IL,chemicals,1.7857,1.8673,2.5583,112.0,98.0,103.0,0.7644,0.6836,0.7382,8799804926.8,11827959975.9,18238976285.3
WV,17,KY,fuels,13.9655,2.5,88.8,29.0,27.0,5.0,0.8982,0.852,0.9193,4588086072.3,2023868896.3,6858558453.9
