,participation_vs_chance,role,rank_eigenvector
AK,1.8635,Market,51
AL,2.7952,Generalist,25
AR,0.2452,Generalist,35
AZ,0.5394,Generalist,23
CA,0.9808,Engine,2
CO,0.1962,Router,28
CT,2.4519,Generalist,29
DC,1.9615,Market,49
DE,1.6673,Generalist,42
FL,1.9615,Market,5
GA,0.8827,Router,10
HI,2.8442,Market,45
IA,2.1087,Generalist,31
ID,0.4904,Specialist,43
IL,0.2942,Engine,6
IN,1.4221,Sustainer,11
KS,1.1279,Generalist,34
KY,0.4904,Sustainer,14
LA,1.324,Sustainer,19
MA,0.9317,Router,22
MD,0.0981,Market,20
ME,0.2452,Market,44
MI,0.7356,Sustainer,8
MN,1.275,Router,26
MO,0.7356,Generalist,18
MS,0.6865,Sustainer,27
MT,0.2942,Sustainer,41
NC,0.4413,Router,13
ND,0.2942,Sustainer,40
NE,0.2942,Generalist,37
NH,1.1769,Market,39
NJ,0.2942,Generalist,9
NM,0.2452,Market,38
NV,1.0788,Specialist,32
NY,0.2452,Engine,3
OH,0.4413,Engine,4
OK,0.2452,Sustainer,24
OR,1.5692,Generalist,30
PA,0.8337,Engine,7
RI,0.5885,Generalist,46
SC,0.0981,Sustainer,17
SD,1.1279,Specialist,48
TN,0.3923,Sustainer,12
TX,1.4712,Engine,1
UT,0.7846,Generalist,33
VA,0.2452,Generalist,15
VT,0.3923,Specialist,47
WA,0.4413,Router,21
WI,1.7654,Generalist,16
WV,2.1087,Sustainer,36
WY,3.776,Specialist,50
