,share,excess_per_share,excess_per_share_after_distance,role,rank_eigenvector,net_of_size
AK,0.00043,0.72988,0.63559,Market,50,-0.24154
AL,0.01951,0.15556,0.1185,Generalist,24,0.15119
AR,0.00958,0.21578,0.17227,Generalist,33,0.14021
AZ,0.01214,0.22511,0.13404,Market,23,0.01755
CA,0.05248,0.07682,0.03708,Engine,3,-0.47479
CO,0.01332,0.1975,0.15396,Generalist,27,0.20626
CT,0.01976,0.13793,0.09874,Generalist,31,-0.02433
DC,0.0005,0.45873,0.39767,Market,51,-0.62723
DE,0.00546,0.32878,0.29109,Generalist,42,0.35966
FL,0.02758,0.10325,0.06856,Market,7,-0.20849
GA,0.03262,0.12514,0.07013,Router,11,-0.09499
HI,0.00091,0.17118,0.17227,Market,49,-1.13383
IA,0.01738,0.15675,0.13149,Generalist,28,0.19247
ID,0.00641,0.31469,0.26797,Generalist,44,0.36448
IL,0.0438,0.08124,0.05804,Engine,6,-0.12453
IN,0.03463,0.09669,0.06793,Sustainer,10,-0.09452
KS,0.01973,0.14961,0.1012,Generalist,30,-0.00068
KY,0.02366,0.12463,0.08713,Sustainer,16,-0.05194
LA,0.01124,0.2057,0.16391,Sustainer,12,0.17703
MA,0.02493,0.11773,0.08028,Router,22,-0.10545
MD,0.01729,0.17917,0.12805,Router,20,0.16332
ME,0.00577,0.30945,0.24771,Market,43,0.22839
MI,0.03268,0.10086,0.07098,Sustainer,8,-0.08194
MN,0.03092,0.11671,0.06923,Router,26,-0.1369
MO,0.0287,0.13977,0.10353,Generalist,18,0.22521
MS,0.00946,0.23499,0.17323,Sustainer,29,0.13864
MT,0.00453,0.39961,0.3536,Sustainer,37,0.45378
NC,0.03489,0.11418,0.07315,Generalist,15,-0.0165
ND,0.00455,0.3675,0.33579,Specialist,41,0.40451
NE,0.01179,0.2122,0.16916,Generalist,39,0.23435
NH,0.01245,0.17421,0.128,Market,40,-0.01519
NJ,0.03237,0.11706,0.0775,Generalist,9,0.0008
NM,0.00438,0.47115,0.39752,Specialist,38,0.55274
NV,0.00955,0.21248,0.14969,Specialist,35,-0.00191
NY,0.03996,0.0789,0.05262,Engine,2,-0.27239
OH,0.05339,0.06802,0.04467,Engine,4,-0.27923
OK,0.01571,0.18359,0.12785,Sustainer,21,0.10983
OR,0.01684,0.17861,0.09139,Generalist,32,-0.18848
PA,0.05072,0.08162,0.04629,Engine,5,-0.27138
RI,0.00709,0.2054,0.15449,Generalist,46,-0.13174
SC,0.02108,0.14187,0.08815,Generalist,25,-0.10272
SD,0.00677,0.27603,0.21174,Specialist,47,0.15861
TN,0.03068,0.11371,0.08912,Sustainer,13,0.11145
TX,0.03823,0.08611,0.06342,Engine,1,-0.10968
UT,0.01249,0.18877,0.12814,Generalist,34,-0.01218
VA,0.02305,0.14604,0.10859,Market,14,0.15417
VT,0.00614,0.25737,0.20879,Sustainer,45,0.09106
WA,0.01841,0.15083,0.08329,Router,19,-0.23287
WI,0.03356,0.07774,0.05668,Generalist,17,-0.29244
WV,0.00737,0.24137,0.20604,Sustainer,36,0.1768
WY,0.0031,0.54215,0.46164,Specialist,48,0.51538
